/*
SQLyog Enterprise - MySQL GUI v8.05 
MySQL - 5.5.13 : Database - barrio
*********************************************************************
*/

/*!40101 SET NAMES utf8 */;

/*!40101 SET SQL_MODE=''*/;

/*!40014 SET @OLD_FOREIGN_KEY_CHECKS=@@FOREIGN_KEY_CHECKS, FOREIGN_KEY_CHECKS=0 */;
/*!40101 SET @OLD_SQL_MODE=@@SQL_MODE, SQL_MODE='NO_AUTO_VALUE_ON_ZERO' */;

CREATE DATABASE /*!32312 IF NOT EXISTS*/`barrio` /*!40100 DEFAULT CHARACTER SET latin1 */;

USE `barrio`;

/*Table structure for table `cobrador` */

DROP TABLE IF EXISTS `cobrador`;

CREATE TABLE `cobrador` (
  `codigocobrador` int(11) NOT NULL DEFAULT '0',
  `nombre` char(50) DEFAULT NULL,
  `direccion` char(50) DEFAULT NULL,
  `telefono` char(30) DEFAULT NULL,
  PRIMARY KEY (`codigocobrador`)
) ENGINE=InnoDB DEFAULT CHARSET=utf8;

/*Data for the table `cobrador` */

LOCK TABLES `cobrador` WRITE;

insert  into `cobrador`(`codigocobrador`,`nombre`,`direccion`,`telefono`) values (1,'Mirta Cruz','K1','4850760 - 155987840'),(2,'mariela','t 15','321654'),(3,'FATIMA - MERCERIA','A1','4252255'),(4,'FARMACIA','K17','987'),(5,'Veronica','R25','155159655'),(6,'SKIBIKI','PERU','654654'),(7,'Pomo','Jujuy','987987'),(8,'Medina','25 de Mayo','55465454'),(11,'11','11','11'),(12,'12','12','12'),(13,'13','13','13'),(14,'14','14','14'),(15,'15','15','15'),(16,'16','16','16'),(17,'17','17','17'),(18,'18','18','18'),(19,'19','19','19'),(20,'20','20','20'),(21,'21','21','21'),(22,'22','22','22'),(23,'23','23','23'),(24,'99','99','99'),(25,'99','99','99'),(26,'99','99','99'),(27,'99','99','99'),(28,'99','99','99');

UNLOCK TABLES;

/*Table structure for table `comprobantes` */

DROP TABLE IF EXISTS `comprobantes`;

CREATE TABLE `comprobantes` (
  `codigocomprobante` tinyint(3) NOT NULL DEFAULT '0',
  `descripcion` char(25) DEFAULT NULL,
  `tipo` tinyint(3) NOT NULL DEFAULT '1',
  PRIMARY KEY (`codigocomprobante`),
  KEY `FK_Comprobantes_Tipo` (`tipo`),
  CONSTRAINT `FK_Comprobantes_Tipo` FOREIGN KEY (`tipo`) REFERENCES `tipo` (`tipo`) ON UPDATE CASCADE
) ENGINE=InnoDB DEFAULT CHARSET=utf8;

/*Data for the table `comprobantes` */

LOCK TABLES `comprobantes` WRITE;

insert  into `comprobantes`(`codigocomprobante`,`descripcion`,`tipo`) values (1,'RECIBOS 0001',1),(2,'RECIBOS 0002',1),(3,'FACTURA',2),(4,'RECIBOS',2),(5,'TICKET',2);

UNLOCK TABLES;

/*Table structure for table `conceptos` */

DROP TABLE IF EXISTS `conceptos`;

CREATE TABLE `conceptos` (
  `codigoconcepto` char(3) NOT NULL DEFAULT '0',
  `descripcion` char(35) DEFAULT NULL,
  `tipo` tinyint(1) NOT NULL DEFAULT '1',
  `validatotal` tinyint(1) NOT NULL DEFAULT '0',
  PRIMARY KEY (`codigoconcepto`),
  KEY `FK_Conceptos_Tipo` (`tipo`),
  CONSTRAINT `FK_Conceptos_Tipo` FOREIGN KEY (`tipo`) REFERENCES `tipo` (`tipo`) ON UPDATE CASCADE
) ENGINE=InnoDB DEFAULT CHARSET=utf8;

/*Data for the table `conceptos` */

LOCK TABLES `conceptos` WRITE;

insert  into `conceptos`(`codigoconcepto`,`descripcion`,`tipo`,`validatotal`) values ('ADM','GASTOS ADMINISTRATIVOS',2,0),('B10','BONO CONTRIBUCION 2010',1,0),('COC','COMISION X COBRANZAS',2,0),('COM','COMBUSTIBLES',2,0),('CSE','COMPLEMENTO SEGURIDAD',2,0),('IMP','IMPRESOS',2,0),('LIM','LIMPIEZA',2,0),('LOM','LIQUIDACION OMEGA',2,0),('LUZ','EDET',2,0),('MAN','MANTENIMIENTO ESP VERDES',2,0),('MON','MONITOREO',1,0),('PMO','PAGO MONITOREO',2,0),('SEG','SEGURIDAD',1,1);

UNLOCK TABLES;

/*Table structure for table `cuotas` */

DROP TABLE IF EXISTS `cuotas`;

CREATE TABLE `cuotas` (
  `codigo` int(11) NOT NULL DEFAULT '0',
  `periodomes` tinyint(3) DEFAULT NULL,
  `periodoano` int(11) DEFAULT NULL,
  `importe` double(10,2) DEFAULT NULL,
  PRIMARY KEY (`codigo`)
) ENGINE=InnoDB DEFAULT CHARSET=utf8;

/*Data for the table `cuotas` */

LOCK TABLES `cuotas` WRITE;

insert  into `cuotas`(`codigo`,`periodomes`,`periodoano`,`importe`) values (1,12,2010,150.00),(2,1,2011,150.00),(4,2,2011,150.00),(6,11,2010,150.00),(7,8,2011,100.00),(8,3,2011,150.00),(9,4,2011,150.00),(10,5,2011,150.00),(11,9,2011,100.00),(12,6,2011,150.00),(13,11,2011,300.00),(14,12,2011,350.00),(15,10,2011,250.00);

UNLOCK TABLES;

/*Table structure for table `egresos` */

DROP TABLE IF EXISTS `egresos`;

CREATE TABLE `egresos` (
  `codigoegreso` int(11) NOT NULL DEFAULT '0',
  `fechacomprobante` date NOT NULL DEFAULT '0000-00-00',
  `fechacarga` datetime NOT NULL DEFAULT '0000-00-00 00:00:00',
  `codigocomprobante` tinyint(3) NOT NULL DEFAULT '0',
  `numerocomprobante` int(11) NOT NULL DEFAULT '0',
  `codigoconcepto` char(3) NOT NULL DEFAULT '',
  `estado` tinyint(3) NOT NULL DEFAULT '0',
  `descripcion` varchar(50) DEFAULT NULL,
  `total` double(10,2) NOT NULL DEFAULT '0.00',
  PRIMARY KEY (`codigoegreso`),
  KEY `FK_Egresos_Comprobantes` (`codigocomprobante`),
  KEY `FK_Egresos_Conceptos` (`codigoconcepto`),
  CONSTRAINT `FK_Egresos_Comprobantes` FOREIGN KEY (`codigocomprobante`) REFERENCES `comprobantes` (`codigocomprobante`),
  CONSTRAINT `FK_Egresos_Conceptos` FOREIGN KEY (`codigoconcepto`) REFERENCES `conceptos` (`codigoconcepto`)
) ENGINE=InnoDB DEFAULT CHARSET=utf8;

/*Data for the table `egresos` */

LOCK TABLES `egresos` WRITE;

insert  into `egresos`(`codigoegreso`,`fechacomprobante`,`fechacarga`,`codigocomprobante`,`numerocomprobante`,`codigoconcepto`,`estado`,`descripcion`,`total`) values (1,'2011-04-02','2011-04-11 22:41:12',3,687,'IMP',1,'50 TALONARIOS Y 500 BOLETINES',410.00),(2,'2011-04-10','2011-04-11 22:44:33',4,4109,'LOM',1,'A CUENTA MARZO-2011',12000.00),(3,'2011-05-05','2011-05-07 21:26:20',4,4203,'PMO',1,'A CUENTA MONITOREO',1000.00),(4,'2011-05-05','2011-05-07 21:27:32',4,4202,'LOM',1,'SEGURIDAD CANC. MARZO2011',5624.00),(5,'2011-04-21','2011-05-07 21:28:51',4,4091,'LOM',1,'A CUENTA MARZO 2011',4000.00),(6,'2011-05-11','2011-05-07 21:33:21',5,212625,'COM',1,'NAFTA TRACTOR Y BORDEADORE',130.00),(7,'2011-04-08','2011-05-08 10:48:57',4,1,'COC',1,'COM MIRTA R6701-C6725',170.00),(8,'2011-04-08','2011-05-08 10:50:10',4,2,'COC',1,'COMISION MIRTA R6726-6750',143.00),(9,'2011-04-08','2011-05-08 10:51:33',4,3,'COC',1,'COMISION MIRTA R6926-6950',141.00),(10,'2011-04-09','2011-05-08 10:52:42',4,4,'COC',1,'COMISION MARIELA R6976-7000',129.00),(11,'2011-04-09','2011-05-08 10:54:20',4,5,'COC',1,'COMISION MARIELA R6676-6700',113.00),(12,'2011-04-09','2011-05-08 10:56:29',4,6,'COC',1,'COMISION MARIELA R6951-6958',47.00),(13,'2011-04-17','2011-05-08 10:57:38',4,7,'COC',1,'COMISION MIRTA R6901-6925',151.00),(14,'2011-04-17','2011-05-08 10:58:56',4,8,'COC',1,'COMISION MIRTA R7026-7050',163.00),(15,'2011-04-17','2011-05-08 11:05:44',3,22011,'LUZ',1,'VTO 022011',102.00),(16,'2011-04-27','2011-05-08 11:06:51',4,9,'COC',1,'COMISION MIRTA R7001-7025',155.00),(17,'2011-05-03','2011-05-08 11:10:35',4,10,'COC',1,'COMISION MARIELA R6950-6969',63.00),(18,'2011-05-11','2011-05-12 21:07:59',3,9142011,'LUZ',1,'vto mayo2011',112.85),(19,'2011-05-11','2011-05-12 21:08:39',3,9152011,'LUZ',1,'edet vto 04-2011',140.50),(20,'2011-05-13','2011-05-12 21:10:20',4,4270,'LOM',1,'a cuenta 04-2011',13000.00),(21,'2011-06-17','2011-06-22 19:02:44',4,4296,'LOM',1,'a cuenta 05-2011',8600.00),(22,'2011-05-26','2011-06-22 19:20:01',4,4214,'LOM',1,'a cuenta 04-2011',9000.00),(23,'2011-06-17','2011-06-22 19:21:42',4,4400,'LOM',1,'canc 04-2011 - a cta 05-2011',7000.00),(24,'2011-05-09','2011-06-22 19:42:04',3,74877,'COM',1,'nafta tractor',124.00),(25,'2011-05-17','2011-06-22 19:45:02',4,11,'ADM',1,'vero mayo-2011',600.00),(26,'2011-05-17','2011-06-22 19:45:29',4,12,'CSE',1,'Comisario ',1102.00),(27,'2011-05-17','2011-06-22 19:45:50',4,13,'CSE',1,'Moto Policia',196.00),(28,'2011-01-13','2011-07-03 00:00:18',3,122,'ADM',1,'Prueba',8500.00),(29,'2011-02-17','2011-07-03 00:00:55',4,788,'LIM',1,'Prueba',6500.00),(30,'2011-03-26','2011-07-03 00:01:19',3,999,'ADM',1,'Prueba',9750.00),(31,'2011-01-03','2011-07-03 00:02:07',3,9,'ADM',1,'Prueba',20000.00),(32,'2011-02-18','2011-07-03 00:05:12',3,9,'ADM',1,'Prueba',32000.00),(33,'2011-07-01','2011-07-03 00:05:12',3,1000,'LOM',1,NULL,6000.00);

UNLOCK TABLES;

/*Table structure for table `ingresos` */

DROP TABLE IF EXISTS `ingresos`;

CREATE TABLE `ingresos` (
  `codigoingreso` int(11) NOT NULL DEFAULT '0',
  `fechacomprobante` date NOT NULL DEFAULT '0000-00-00',
  `fechacarga` datetime NOT NULL DEFAULT '0000-00-00 00:00:00',
  `codigocomprobante` tinyint(3) NOT NULL DEFAULT '0',
  `numerocomprobante` int(11) NOT NULL DEFAULT '0',
  `codigoconcepto` char(3) NOT NULL DEFAULT '',
  `propietario` int(11) NOT NULL DEFAULT '0',
  `periodomes` tinyint(3) NOT NULL DEFAULT '0',
  `periodoano` int(5) NOT NULL DEFAULT '0',
  `estado` tinyint(3) NOT NULL DEFAULT '0',
  `total` double(10,2) NOT NULL DEFAULT '0.00',
  PRIMARY KEY (`codigoingreso`),
  KEY `FK_Ingresos_Comprobantes` (`codigocomprobante`),
  KEY `FK_Ingresos_Conceptos` (`codigoconcepto`),
  KEY `FK_Ingresos_Propietarios` (`propietario`),
  CONSTRAINT `FK_Ingresos_Comprobantes` FOREIGN KEY (`codigocomprobante`) REFERENCES `comprobantes` (`codigocomprobante`),
  CONSTRAINT `FK_Ingresos_Conceptos` FOREIGN KEY (`codigoconcepto`) REFERENCES `conceptos` (`codigoconcepto`),
  CONSTRAINT `FK_Ingresos_Propietarios` FOREIGN KEY (`propietario`) REFERENCES `propietarios` (`codigo`)
) ENGINE=InnoDB DEFAULT CHARSET=utf8;

/*Data for the table `ingresos` */

LOCK TABLES `ingresos` WRITE;

insert  into `ingresos`(`codigoingreso`,`fechacomprobante`,`fechacarga`,`codigocomprobante`,`numerocomprobante`,`codigoconcepto`,`propietario`,`periodomes`,`periodoano`,`estado`,`total`) values (1,'2011-01-03','2011-02-08 15:55:24',1,5976,'SEG',4,1,2011,1,150.00),(2,'2011-01-05','2011-02-08 15:58:06',1,5977,'SEG',5,1,2011,1,100.00),(3,'2011-01-06','2011-02-08 15:59:42',1,5978,'SEG',6,12,2010,1,150.00),(4,'2011-01-06','2011-02-08 16:05:12',1,5979,'SEG',7,1,2011,1,150.00),(5,'2011-01-06','2011-02-08 16:07:19',1,5980,'SEG',8,1,2011,1,100.00),(6,'2011-01-06','2011-02-08 16:21:13',1,5983,'SEG',9,1,2011,1,150.00),(7,'2011-01-06','2011-02-08 16:25:27',1,5981,'SEG',10,1,2011,1,150.00),(8,'2011-01-06','2011-02-08 16:28:14',1,5984,'SEG',11,1,2011,1,100.00),(9,'2011-01-07','2011-02-08 16:30:26',1,5985,'SEG',12,1,2011,1,150.00),(10,'2011-01-07','2011-02-08 16:32:48',1,5986,'SEG',13,1,2011,1,150.00),(11,'2011-01-07','2011-02-08 16:36:29',1,5987,'SEG',14,1,2011,1,150.00),(12,'2011-01-07','2011-02-08 16:38:23',1,5988,'SEG',15,1,2011,1,150.00),(13,'2011-01-07','2011-02-08 16:41:14',1,5989,'SEG',16,1,2011,1,150.00),(14,'2011-01-07','2011-02-08 16:42:51',1,5990,'SEG',17,1,2011,1,100.00),(15,'2011-01-07','2011-02-08 16:45:00',1,5991,'SEG',18,1,2011,1,150.00),(16,'2011-01-07','2011-02-08 16:46:24',1,5992,'SEG',19,1,2011,1,150.00),(17,'2011-01-08','2011-02-08 16:53:28',1,5993,'SEG',20,1,2011,1,150.00),(18,'2011-01-08','2011-02-08 16:54:54',1,5994,'SEG',21,1,2011,1,150.00),(19,'2011-01-09','2011-02-08 16:58:13',1,5997,'SEG',22,1,2011,1,150.00),(20,'2011-01-09','2011-02-08 17:00:18',1,5998,'SEG',23,1,2011,1,150.00),(21,'2011-01-09','2011-02-08 17:02:23',1,5999,'SEG',24,1,2011,1,100.00),(22,'2011-01-09','2011-02-08 17:03:24',1,6000,'SEG',25,1,2011,1,150.00),(23,'2011-01-06','2011-02-14 19:46:23',1,5982,'SEG',27,1,2011,1,120.00),(24,'2011-01-08','2011-02-14 19:57:41',1,5995,'SEG',29,1,2011,1,150.00),(25,'2011-01-08','2011-02-14 20:01:44',1,5996,'SEG',30,1,2011,1,100.00),(26,'2011-01-03','2011-02-14 20:13:15',1,5951,'SEG',31,1,2011,1,150.00),(27,'2011-01-03','2011-02-14 20:14:49',1,5952,'SEG',32,1,2011,1,100.00),(28,'2011-01-03','2011-02-14 20:16:46',1,5953,'SEG',33,1,2011,1,150.00),(29,'2011-01-04','2011-02-14 20:18:25',1,5954,'SEG',34,1,2011,1,150.00),(30,'2011-01-04','2011-02-14 20:20:32',1,5956,'SEG',35,1,2011,1,150.00),(31,'2011-01-04','2011-02-14 20:21:44',1,5957,'SEG',36,1,2011,1,150.00),(32,'2011-01-04','2011-02-14 20:25:30',1,5958,'SEG',37,1,2011,1,150.00),(33,'2011-01-04','2011-02-14 20:28:50',1,5959,'SEG',38,1,2011,1,150.00),(34,'2011-01-04','2011-02-14 20:31:19',1,5960,'SEG',39,1,2011,1,70.00),(36,'2011-01-04','2011-02-14 20:32:41',1,5961,'SEG',40,1,2011,1,150.00),(37,'2011-01-04','2011-02-14 20:33:41',1,5962,'SEG',3,1,2011,1,150.00),(38,'2011-01-04','2011-02-14 20:35:24',1,5963,'SEG',41,1,2011,1,150.00),(39,'2011-01-04','2011-02-14 20:37:52',1,5964,'SEG',42,1,2011,1,100.00),(40,'2011-01-04','2011-02-14 20:39:58',1,5965,'SEG',43,1,2011,1,150.00),(41,'2011-01-06','2011-02-14 20:44:23',1,5966,'SEG',44,1,2011,1,100.00),(42,'2011-01-06','2011-02-14 20:45:38',1,5967,'SEG',45,1,2011,1,150.00),(43,'2011-01-06','2011-02-14 20:47:16',1,5968,'SEG',46,1,2011,1,150.00),(45,'2011-01-06','2011-02-14 21:00:22',1,5969,'SEG',47,12,2010,1,150.00),(46,'2011-01-06','2011-02-14 21:01:45',1,5971,'SEG',49,1,2011,1,150.00),(47,'2011-01-06','2011-02-14 21:03:30',1,5972,'SEG',50,1,2011,1,100.00),(48,'2011-01-06','2011-02-14 21:07:08',1,5973,'SEG',51,12,2010,1,150.00),(49,'2011-01-06','2011-02-14 21:10:05',1,5970,'SEG',48,12,2010,1,100.00),(50,'2011-01-06','2011-02-14 21:11:43',1,5974,'SEG',52,12,2010,1,100.00),(51,'2011-01-06','2011-02-14 21:14:58',1,5975,'SEG',52,1,2011,1,100.00),(52,'2011-01-08','2011-02-14 21:18:27',1,6001,'SEG',53,1,2011,1,150.00),(53,'2011-01-08','2011-02-14 21:26:03',1,6002,'SEG',54,1,2011,1,150.00),(54,'2011-01-08','2011-02-14 21:27:05',1,6003,'SEG',55,1,2011,1,150.00),(55,'2011-01-08','2011-02-14 21:29:43',1,6004,'SEG',56,1,2011,1,150.00),(56,'2011-01-10','2011-02-14 21:32:17',1,6005,'SEG',57,1,2011,1,150.00),(57,'2011-01-10','2011-02-14 21:35:38',1,6008,'SEG',58,1,2011,1,100.00),(58,'2011-01-11','2011-02-14 21:38:08',1,6009,'SEG',59,1,2011,1,100.00),(59,'2011-01-11','2011-02-14 21:39:54',1,6010,'SEG',60,1,2011,1,150.00),(60,'2011-01-11','2011-02-14 21:41:16',1,6011,'SEG',61,1,2011,1,100.00),(61,'2011-01-11','2011-02-14 21:42:58',1,6012,'SEG',62,1,2011,1,150.00),(62,'2011-01-11','2011-02-14 21:44:08',1,6013,'SEG',63,1,2011,1,150.00),(63,'2011-01-13','2011-02-14 21:45:43',1,6016,'SEG',64,1,2011,1,150.00),(64,'2011-01-13','2011-02-14 21:47:07',1,6017,'SEG',65,1,2011,1,100.00),(65,'2011-01-13','2011-02-14 21:48:21',1,6018,'SEG',66,1,2011,1,100.00),(66,'2011-01-13','2011-02-14 21:49:43',1,6019,'SEG',67,1,2011,1,100.00),(67,'2011-01-13','2011-02-14 21:51:26',1,6020,'SEG',68,1,2011,1,150.00),(68,'2011-01-13','2011-02-14 21:52:46',1,6021,'SEG',69,1,2011,1,150.00),(69,'2011-01-13','2011-02-14 21:54:23',1,6022,'SEG',70,1,2011,1,150.00),(70,'2011-01-13','2011-02-14 22:12:48',1,6024,'SEG',71,1,2011,1,150.00),(71,'2011-01-13','2011-02-14 22:14:11',1,6025,'SEG',72,1,2011,1,150.00),(72,'2011-01-13','2011-02-14 22:27:18',1,6023,'SEG',73,1,2011,1,150.00),(73,'2011-01-12','2011-02-14 23:06:38',1,6026,'SEG',74,12,2010,1,100.00),(74,'2011-01-13','2011-02-14 23:08:25',1,6027,'SEG',75,12,2010,1,150.00),(75,'2011-01-13','2011-02-14 23:12:12',1,6028,'SEG',76,1,2011,1,150.00),(76,'2011-01-16','2011-02-14 23:16:29',1,6029,'SEG',77,1,2011,1,150.00),(77,'2011-01-16','2011-02-14 23:18:01',1,6030,'SEG',78,1,2011,1,150.00),(78,'2011-01-16','2011-02-14 23:19:36',1,6031,'SEG',79,12,2010,1,150.00),(79,'2011-01-16','2011-02-14 23:22:27',1,6032,'SEG',80,12,2010,1,150.00),(80,'2011-01-19','2011-02-14 23:23:51',1,6033,'SEG',81,1,2011,1,150.00),(81,'2011-01-19','2011-02-14 23:25:06',1,6034,'SEG',82,1,2011,1,150.00),(82,'2011-01-22','2011-02-14 23:27:25',1,6035,'SEG',83,1,2011,1,150.00),(83,'2011-01-30','2011-02-14 23:48:18',1,6036,'SEG',74,1,2011,1,100.00),(84,'2011-02-01','2011-02-14 23:57:30',1,6037,'SEG',46,2,2011,1,150.00),(85,'2011-02-01','2011-02-15 00:00:10',1,6038,'SEG',84,1,2011,1,150.00),(86,'2011-02-01','2011-02-15 00:01:52',1,6039,'SEG',85,1,2011,1,150.00),(87,'2011-01-10','2011-02-15 00:04:16',1,6040,'SEG',73,12,2010,1,150.00),(88,'2011-02-01','2011-02-15 00:05:57',1,6041,'SEG',86,1,2011,1,150.00),(89,'2011-02-01','2011-02-15 00:07:23',1,6042,'SEG',63,2,2011,1,150.00),(90,'2011-02-01','2011-02-15 00:08:37',1,6043,'SEG',87,2,2011,1,150.00),(91,'2011-02-01','2011-02-15 00:10:04',1,6044,'SEG',87,1,2011,1,150.00),(92,'2011-02-05','2011-02-15 00:12:10',1,6045,'SEG',42,2,2011,1,150.00),(93,'2011-02-05','2011-02-15 00:19:21',1,6046,'SEG',88,2,2011,1,150.00),(94,'2011-02-05','2011-02-15 00:20:46',1,6047,'SEG',89,2,2011,1,150.00),(95,'2011-02-05','2011-02-15 00:23:24',1,6048,'SEG',90,1,2011,1,150.00),(96,'2011-02-05','2011-02-15 00:25:39',1,6049,'SEG',91,1,2011,1,150.00),(97,'2011-02-05','2011-02-15 00:30:08',1,6050,'SEG',10,2,2011,1,150.00),(98,'2011-01-14','2011-02-15 00:35:24',1,6051,'SEG',92,12,2010,1,60.00),(100,'2011-01-14','2011-02-15 00:37:07',1,6052,'SEG',93,1,2011,1,150.00),(101,'2011-01-14','2011-02-15 00:39:07',1,6053,'SEG',94,1,2011,1,150.00),(102,'2011-01-25','2011-02-15 00:40:35',1,6054,'SEG',95,1,2011,1,150.00),(103,'2011-01-25','2011-02-15 00:43:54',1,6055,'SEG',96,12,2010,1,100.00),(104,'2011-01-26','2011-02-15 00:45:36',1,6056,'SEG',97,1,2011,1,100.00),(105,'2011-01-26','2011-02-15 00:47:18',1,6057,'SEG',98,1,2011,1,150.00),(106,'2011-02-05','2011-02-15 00:48:36',1,6058,'SEG',3,2,2011,1,150.00),(107,'2011-02-05','2011-02-15 00:49:58',1,6059,'SEG',99,2,2011,1,150.00),(108,'2011-02-05','2011-02-15 00:51:18',1,6060,'SEG',38,2,2011,1,150.00),(109,'2011-02-05','2011-02-15 00:52:54',1,6061,'SEG',100,2,2011,1,150.00),(110,'2011-02-05','2011-02-15 00:54:15',1,6062,'SEG',53,2,2011,1,150.00),(111,'2011-02-05','2011-02-15 00:55:28',1,6063,'SEG',101,2,2011,1,150.00),(112,'2011-02-05','2011-02-15 00:56:54',1,6064,'SEG',15,2,2011,1,150.00),(113,'2011-02-05','2011-02-15 00:59:08',1,6065,'SEG',102,2,2011,1,150.00),(114,'2011-02-05','2011-02-15 01:00:23',1,6066,'SEG',35,2,2011,1,150.00),(115,'2011-02-05','2011-02-15 01:01:38',1,6067,'SEG',103,2,2011,1,150.00),(116,'2011-02-05','2011-02-15 01:02:56',1,6068,'SEG',8,2,2011,1,100.00),(117,'2011-02-05','2011-02-15 01:04:11',1,6069,'SEG',104,2,2011,1,150.00),(118,'2011-02-05','2011-02-15 01:08:41',1,6070,'SEG',105,2,2011,1,150.00),(119,'2011-02-05','2011-02-15 01:09:46',1,6071,'SEG',106,2,2011,1,100.00),(120,'2011-02-05','2011-02-15 01:11:10',1,6072,'SEG',45,2,2011,1,150.00),(121,'2011-01-13','2011-02-15 02:32:40',1,6076,'SEG',107,1,2011,1,100.00),(122,'2011-01-13','2011-02-15 02:34:45',1,6077,'SEG',108,1,2011,1,150.00),(123,'2011-01-13','2011-02-15 02:37:04',1,6078,'SEG',109,1,2011,1,100.00),(124,'2011-01-14','2011-02-15 02:37:52',1,6079,'SEG',110,1,2011,1,150.00),(125,'2011-01-14','2011-02-15 02:40:36',1,6080,'SEG',111,12,2010,1,150.00),(126,'2011-01-14','2011-02-15 02:42:17',1,6081,'SEG',112,1,2011,1,100.00),(127,'2011-01-14','2011-02-15 02:43:37',1,6082,'SEG',106,1,2011,1,100.00),(128,'2011-01-16','2011-02-15 02:45:36',1,6083,'SEG',105,1,2011,1,150.00),(129,'2011-01-16','2011-02-15 02:47:16',1,6084,'SEG',113,1,2011,1,100.00),(130,'2011-01-16','2011-02-15 02:48:35',1,6085,'SEG',114,1,2011,1,100.00),(131,'2011-01-16','2011-02-15 02:50:09',1,6086,'SEG',115,12,2010,1,100.00),(132,'2011-01-17','2011-02-15 02:51:35',1,6087,'SEG',116,1,2011,1,100.00),(133,'2011-01-16','2011-02-15 02:53:58',1,6088,'SEG',100,1,2011,1,150.00),(134,'2011-01-16','2011-02-15 02:56:00',1,6089,'SEG',117,1,2011,1,150.00),(135,'2011-01-17','2011-02-15 11:47:46',1,6090,'SEG',118,1,2011,1,150.00),(136,'2011-01-17','2011-02-15 14:04:18',1,6091,'SEG',119,1,2011,1,150.00),(137,'2011-01-19','2011-02-15 14:05:36',1,6092,'SEG',120,1,2011,1,150.00),(138,'2011-01-17','2011-02-15 14:08:38',1,6093,'SEG',121,1,2011,1,150.00),(139,'2011-01-17','2011-02-15 14:10:06',1,6094,'SEG',122,1,2011,1,150.00),(140,'2011-01-20','2011-02-15 14:14:50',1,6095,'SEG',56,12,2010,1,150.00),(141,'2011-01-20','2011-02-15 14:16:32',1,6096,'SEG',123,1,2011,1,150.00),(142,'2011-01-24','2011-02-15 18:06:43',1,6097,'SEG',124,12,2010,1,100.00),(143,'2011-01-24','2011-02-15 18:29:06',1,6098,'SEG',125,1,2011,1,150.00),(144,'2011-01-24','2011-02-15 18:30:12',1,6099,'SEG',126,1,2011,1,150.00),(145,'2011-01-24','2011-02-15 18:31:15',1,6100,'SEG',99,1,2011,1,150.00),(146,'2011-02-05','2011-02-15 18:35:04',1,6226,'SEG',127,2,2011,1,150.00),(147,'2011-02-06','2011-02-15 18:36:39',1,6227,'SEG',22,2,2011,1,150.00),(148,'2011-02-06','2011-02-15 18:37:34',1,6228,'SEG',23,2,2011,1,150.00),(149,'2011-02-06','2011-02-15 18:38:41',1,6229,'SEG',79,1,2011,1,150.00),(150,'2011-02-06','2011-02-15 18:39:39',1,6230,'SEG',78,2,2011,1,150.00),(151,'2011-02-06','2011-02-15 18:40:43',1,6231,'SEG',128,2,2011,1,100.00),(152,'2011-02-06','2011-02-15 18:42:04',1,6232,'SEG',24,2,2011,1,80.00),(153,'2011-02-06','2011-02-15 18:43:39',1,6233,'SEG',31,2,2011,1,150.00),(154,'2011-02-06','2011-02-15 18:46:28',1,6234,'SEG',34,2,2011,1,150.00),(155,'2011-02-06','2011-02-15 18:47:46',1,6235,'SEG',113,2,2011,1,100.00),(156,'2011-02-06','2011-02-15 18:48:45',1,6236,'SEG',64,2,2011,1,150.00),(157,'2011-02-06','2011-02-15 18:49:49',1,6237,'SEG',13,2,2011,1,150.00),(158,'2011-02-06','2011-02-15 18:50:50',1,6238,'SEG',19,2,2011,1,150.00),(159,'2011-02-08','2011-02-15 18:51:57',1,6239,'SEG',14,2,2011,1,150.00),(160,'2011-02-08','2011-02-15 18:53:41',1,6240,'SEG',125,2,2011,1,150.00),(161,'2011-02-08','2011-02-15 18:55:52',1,6241,'SEG',37,2,2011,1,150.00),(162,'2011-02-08','2011-02-15 18:57:13',1,6242,'SEG',112,2,2011,1,100.00),(163,'2011-02-08','2011-02-15 18:58:16',1,6243,'SEG',118,2,2011,1,150.00),(164,'2011-02-08','2011-02-15 18:59:14',1,6244,'SEG',55,2,2011,1,150.00),(165,'2011-02-08','2011-02-15 19:00:20',1,6245,'SEG',18,2,2011,1,150.00),(166,'2011-02-08','2011-02-15 19:01:53',1,6246,'SEG',129,1,2011,1,150.00),(167,'2011-02-08','2011-02-15 19:03:38',1,6247,'SEG',21,2,2011,1,150.00),(168,'2011-02-08','2011-02-15 19:04:27',1,6248,'SEG',29,2,2011,1,150.00),(169,'2011-02-08','2011-02-15 19:19:36',1,6249,'SEG',130,1,2011,1,150.00),(170,'2011-02-08','2011-02-15 19:21:52',1,6250,'SEG',44,2,2011,1,100.00),(171,'2011-02-09','2011-02-15 19:24:07',1,6251,'SEG',12,2,2011,1,150.00),(172,'2011-02-09','2011-02-15 19:26:40',1,6252,'SEG',131,2,2011,1,150.00),(173,'2011-02-09','2011-02-15 19:27:49',1,6253,'SEG',132,1,2011,1,100.00),(174,'2011-02-09','2011-02-15 19:29:08',1,6254,'SEG',120,2,2011,1,150.00),(175,'2011-02-09','2011-02-15 19:30:29',1,6255,'SEG',133,1,2011,1,150.00),(176,'2011-02-09','2011-02-15 19:31:27',1,6256,'SEG',133,2,2011,1,150.00),(177,'2011-02-09','2011-02-15 19:32:35',1,6257,'SEG',134,2,2011,1,100.00),(178,'2011-02-09','2011-02-15 19:33:37',1,6258,'SEG',17,2,2011,1,100.00),(179,'2011-02-09','2011-02-15 19:34:34',1,6259,'SEG',109,2,2011,1,80.00),(180,'2011-02-09','2011-02-15 19:35:37',1,6260,'SEG',135,2,2011,1,150.00),(181,'2011-02-09','2011-02-15 19:36:52',1,6261,'SEG',136,2,2011,1,150.00),(182,'2011-02-10','2011-02-15 19:38:31',1,6262,'SEG',72,2,2011,1,100.00),(183,'2011-02-09','2011-02-15 19:49:16',1,6263,'SEG',57,2,2011,1,150.00),(184,'2011-02-10','2011-02-15 19:50:41',1,6264,'SEG',76,2,2011,1,150.00),(185,'2011-02-10','2011-02-15 20:00:08',1,6266,'SEG',30,2,2011,1,100.00),(186,'2010-12-13','2011-02-15 20:03:33',1,5851,'SEG',64,12,2010,1,150.00),(187,'2010-12-13','2011-02-15 20:04:54',1,5852,'SEG',137,12,2010,1,150.00),(188,'2010-12-13','2011-02-15 20:06:18',1,5853,'SEG',138,12,2010,1,100.00),(189,'2010-12-13','2011-02-15 20:12:55',1,5854,'SEG',139,11,2010,1,100.00),(190,'2010-12-13','2011-02-15 20:14:15',1,5855,'SEG',8,12,2010,1,100.00),(191,'2010-12-14','2011-02-15 20:15:23',1,5856,'SEG',128,12,2010,1,100.00),(192,'2010-12-13','2011-02-15 20:20:50',1,5857,'SEG',28,12,2010,1,120.00),(193,'2010-12-15','2011-02-15 20:23:22',1,5858,'SEG',50,11,2010,1,80.00),(194,'2010-12-08','2011-02-15 20:25:41',1,5859,'SEG',118,11,2010,1,100.00),(195,'2010-12-18','2011-02-15 20:28:28',1,5860,'SEG',140,11,2010,1,100.00),(196,'2010-12-19','2011-02-15 20:31:12',1,5861,'SEG',141,12,2010,1,150.00),(197,'2010-12-27','2011-02-15 20:32:53',1,5862,'SEG',97,12,2010,1,100.00),(198,'2010-12-28','2011-02-15 20:48:58',1,5864,'SEG',131,1,2011,1,150.00),(199,'2010-12-19','2011-02-15 20:50:10',1,5865,'SEG',82,12,2010,1,150.00),(200,'2010-12-19','2011-02-15 20:51:09',1,5866,'SEG',29,12,2010,1,150.00),(201,'2010-12-19','2011-02-15 20:52:44',1,5867,'SEG',142,12,2010,1,100.00),(202,'2010-12-19','2011-02-15 20:53:59',1,5868,'SEG',62,12,2010,1,150.00),(203,'2010-12-19','2011-02-15 20:55:57',1,5869,'SEG',78,12,2010,1,150.00),(204,'2011-01-03','2011-02-15 20:57:37',1,5870,'SEG',134,1,2011,1,100.00),(205,'2011-01-03','2011-02-15 20:59:00',1,5871,'SEG',143,1,2011,1,150.00),(206,'2011-01-03','2011-02-16 18:13:47',1,5873,'SEG',144,12,2010,1,150.00),(207,'2011-01-03','2011-02-16 18:15:38',1,5874,'SEG',145,1,2011,1,50.00),(208,'2011-01-03','2011-02-16 18:18:51',1,5875,'SEG',128,1,2011,1,100.00),(209,'2010-12-07','2011-02-16 18:21:59',1,5801,'SEG',81,12,2010,1,150.00),(210,'2010-12-07','2011-02-16 18:25:25',1,5803,'SEG',24,12,2010,1,80.00),(211,'2010-12-07','2011-02-16 18:29:15',1,5804,'SEG',146,10,2010,1,125.00),(212,'2010-12-09','2011-02-16 18:30:43',1,5805,'SEG',108,12,2010,1,150.00),(213,'2010-12-09','2011-02-16 18:35:28',1,5806,'SEG',67,12,2010,1,100.00),(214,'2010-12-09','2011-02-16 18:36:51',1,5807,'SEG',147,12,2010,1,150.00),(215,'2010-12-09','2011-02-16 18:47:36',1,5808,'SEG',148,12,2010,1,100.00),(216,'2010-12-09','2011-02-16 18:48:39',1,5809,'SEG',123,12,2010,1,100.00),(217,'2010-12-09','2011-02-16 18:55:09',1,5810,'SEG',101,12,2010,1,150.00),(218,'2010-12-09','2011-02-16 18:56:20',1,5811,'SEG',76,12,2010,1,150.00),(219,'2010-12-09','2011-02-16 18:57:23',1,5812,'SEG',149,12,2010,1,150.00),(220,'2010-12-09','2011-02-16 18:58:32',1,5813,'SEG',98,12,2010,1,150.00),(221,'2010-12-09','2011-02-16 18:59:50',1,5814,'SEG',122,12,2010,1,150.00),(222,'2010-12-09','2011-02-16 19:00:32',1,5815,'SEG',118,12,2010,1,150.00),(223,'2010-12-20','2011-02-16 19:02:39',1,5816,'SEG',57,12,2010,1,100.00),(224,'2010-12-20','2011-02-16 19:12:22',1,5817,'SEG',150,11,2010,1,100.00),(225,'2010-12-24','2011-02-17 16:27:13',1,5818,'SEG',151,12,2010,1,150.00),(227,'2010-12-27','2011-02-17 16:28:34',1,5819,'SEG',152,12,2010,1,150.00),(228,'2010-12-29','2011-02-17 16:29:52',1,5820,'SEG',91,12,2010,1,150.00),(229,'2010-12-29','2011-02-17 16:31:55',1,5821,'SEG',26,11,2010,1,100.00),(230,'2010-12-29','2011-02-17 16:42:56',1,5822,'SEG',135,1,2011,1,150.00),(231,'2010-12-29','2011-02-17 16:45:19',1,5823,'SEG',1,8,2010,1,100.00),(232,'2010-12-29','2011-02-17 16:49:11',1,5824,'SEG',1,11,2010,1,150.00),(233,'2010-12-30','2011-02-17 16:50:24',1,5825,'SEG',71,12,2010,1,150.00),(234,'2011-02-06','2011-02-22 17:54:16',1,6176,'SEG',153,1,2011,1,150.00),(235,'2011-02-07','2011-02-22 17:55:59',1,6177,'SEG',154,2,2011,1,150.00),(236,'2011-02-08','2011-02-22 17:57:27',1,6178,'SEG',83,2,2011,1,150.00),(237,'2011-02-08','2011-02-22 17:58:42',1,6179,'SEG',155,2,2011,1,150.00),(238,'2011-02-08','2011-02-22 18:04:57',1,6180,'SEG',156,2,2011,1,100.00),(239,'2011-02-08','2011-02-22 18:06:12',1,6181,'SEG',157,2,2011,1,100.00),(240,'2011-02-08','2011-02-22 18:07:39',1,6182,'SEG',158,1,2011,1,150.00),(241,'2011-02-08','2011-02-22 18:08:55',1,6183,'SEG',159,2,2011,1,100.00),(242,'2011-02-08','2011-02-22 18:10:45',1,6184,'SEG',160,2,2011,1,100.00),(243,'2011-02-08','2011-02-22 18:11:51',1,6185,'SEG',161,2,2011,1,100.00),(244,'2011-02-08','2011-02-22 18:13:46',1,6186,'SEG',162,2,2011,1,100.00),(245,'2011-02-08','2011-02-22 18:15:24',1,6187,'SEG',163,2,2011,1,150.00),(246,'2011-02-09','2011-02-22 18:16:51',1,6188,'SEG',164,2,2011,1,150.00),(247,'2011-02-08','2011-02-22 18:18:12',1,6189,'SEG',165,2,2011,1,100.00),(248,'2011-02-08','2011-02-22 18:19:23',1,6190,'SEG',166,2,2011,1,100.00),(249,'2011-02-08','2011-02-22 18:21:40',1,6191,'SEG',167,2,2011,1,150.00),(250,'2011-02-08','2011-02-22 18:25:17',1,6192,'SEG',168,2,2011,1,150.00),(251,'2011-02-10','2011-02-22 18:26:52',1,6193,'SEG',169,2,2011,1,100.00),(252,'2011-02-10','2011-02-22 18:28:55',1,6194,'SEG',170,2,2011,1,150.00),(253,'2011-02-10','2011-02-22 18:30:25',1,6195,'SEG',171,2,2011,1,75.00),(255,'2011-02-10','2011-02-22 19:18:13',1,6196,'SEG',172,1,2011,1,100.00),(256,'2011-02-10','2011-02-22 19:19:06',1,6197,'SEG',173,2,2011,1,100.00),(257,'2011-02-10','2011-02-22 19:20:44',1,6198,'SEG',174,2,2011,1,100.00),(258,'2011-02-10','2011-02-22 19:22:02',1,6199,'SEG',175,2,2011,1,100.00),(259,'2011-02-10','2011-02-22 19:23:14',1,6200,'SEG',176,2,2011,1,100.00),(260,'2010-12-27','2011-02-22 20:51:42',1,5926,'SEG',162,1,2011,1,100.00),(261,'2010-12-28','2011-02-22 20:52:59',1,5927,'SEG',165,1,2011,1,100.00),(262,'2010-12-28','2011-02-22 20:56:02',1,5928,'SEG',177,1,2011,1,150.00),(263,'2010-12-29','2011-02-22 20:57:31',1,5929,'SEG',178,1,2011,1,100.00),(264,'2011-01-06','2011-02-22 21:01:30',1,5930,'SEG',179,1,2011,1,150.00),(265,'2011-01-06','2011-02-22 21:02:38',1,5931,'SEG',180,1,2011,1,150.00),(266,'2011-01-06','2011-02-22 21:05:32',1,5932,'SEG',181,12,2010,1,150.00),(267,'2011-01-06','2011-02-22 21:08:19',1,5933,'SEG',182,1,2011,1,150.00),(268,'2011-01-06','2011-02-22 21:09:17',1,5934,'SEG',183,1,2011,1,150.00),(269,'2011-01-06','2011-02-22 21:10:47',1,5935,'SEG',184,1,2011,1,100.00),(270,'2011-01-06','2011-02-22 21:12:42',1,5936,'SEG',185,1,2011,1,100.00),(271,'2011-01-06','2011-02-22 21:14:44',1,5937,'SEG',186,1,2011,1,150.00),(272,'2011-01-06','2011-02-22 21:16:26',1,5938,'SEG',187,1,2011,1,150.00),(273,'2011-01-10','2011-02-22 21:18:43',1,5939,'SEG',188,1,2011,1,100.00),(274,'2011-01-10','2011-02-22 21:19:42',1,5940,'SEG',189,1,2011,1,100.00),(275,'2011-01-10','2011-02-22 21:21:01',1,5941,'SEG',190,1,2011,1,150.00),(276,'2011-01-10','2011-02-22 21:37:28',1,5942,'SEG',191,1,2011,1,150.00),(277,'2011-01-10','2011-02-22 21:39:55',1,5943,'SEG',160,1,2011,1,100.00),(278,'2011-01-10','2011-02-22 21:41:42',1,5944,'SEG',192,1,2011,1,150.00),(279,'2011-01-10','2011-02-22 21:44:37',1,5945,'SEG',156,1,2011,1,100.00),(280,'2011-01-10','2011-02-22 22:33:13',1,5946,'SEG',193,12,2010,1,150.00),(281,'2011-01-10','2011-02-22 22:34:56',1,5947,'SEG',194,1,2011,1,100.00),(282,'2011-01-10','2011-02-22 22:36:11',1,5948,'SEG',166,1,2011,1,100.00),(283,'2011-01-10','2011-02-22 22:37:05',1,5949,'SEG',195,1,2011,1,100.00),(284,'2011-01-10','2011-02-22 22:38:04',1,5950,'SEG',196,1,2011,1,100.00),(285,'2011-01-10','2011-02-22 23:30:14',1,6101,'SEG',172,11,2010,1,100.00),(286,'2011-01-10','2011-02-22 23:31:20',1,6102,'SEG',173,1,2011,1,100.00),(287,'2011-01-10','2011-02-22 23:32:55',1,6103,'SEG',197,1,2011,1,150.00),(288,'2011-01-10','2011-02-22 23:34:10',1,6104,'SEG',198,1,2011,1,100.00),(289,'2011-01-10','2011-02-22 23:35:19',1,6105,'SEG',198,2,2011,1,100.00),(290,'2011-01-10','2011-02-22 23:37:01',1,6106,'SEG',174,1,2011,1,150.00),(291,'2011-01-10','2011-02-22 23:39:43',1,6107,'SEG',164,12,2010,1,150.00),(292,'2011-01-10','2011-02-22 23:41:40',1,6108,'SEG',199,12,2010,1,100.00),(293,'2011-01-11','2011-02-22 23:45:07',1,6109,'SEG',200,12,2010,1,150.00),(294,'2011-01-12','2011-02-22 23:46:44',1,6110,'SEG',201,1,2011,1,150.00),(295,'2011-01-12','2011-02-22 23:48:28',1,6111,'SEG',202,1,2011,1,150.00),(296,'2011-01-12','2011-02-22 23:49:50',1,6112,'SEG',203,1,2011,1,150.00),(297,'2011-01-12','2011-02-22 23:52:28',1,6113,'SEG',175,1,2011,1,100.00),(298,'2011-01-12','2011-02-22 23:54:11',1,6114,'SEG',204,1,2011,1,60.00),(300,'2011-01-12','2011-02-22 23:55:50',1,6115,'SEG',205,1,2011,1,150.00),(301,'2011-01-12','2011-02-22 23:57:29',1,6116,'SEG',206,1,2011,1,150.00),(302,'2011-01-12','2011-02-22 23:58:46',1,6117,'SEG',161,1,2011,1,100.00),(303,'2011-01-12','2011-02-23 00:00:12',1,6118,'SEG',207,1,2011,1,100.00),(304,'2011-01-12','2011-02-23 00:03:03',1,6119,'SEG',208,1,2011,1,150.00),(305,'2011-01-12','2011-02-23 00:04:37',1,6120,'SEG',149,1,2011,1,150.00),(306,'2011-01-12','2011-02-23 00:07:19',1,6121,'SEG',167,1,2011,1,150.00),(307,'2011-01-13','2011-02-23 00:08:13',1,6122,'SEG',168,1,2011,1,150.00),(308,'2011-01-14','2011-02-23 00:11:29',1,6123,'SEG',209,1,2011,1,100.00),(309,'2011-01-14','2011-02-23 00:13:16',1,6124,'SEG',169,1,2011,1,100.00),(310,'2011-01-14','2011-02-23 00:15:12',1,6125,'SEG',210,1,2011,1,150.00),(311,'2011-01-14','2011-02-23 20:38:17',1,6126,'SEG',211,1,2011,1,100.00),(312,'2011-01-14','2011-02-23 20:40:35',1,6127,'SEG',212,1,2011,1,150.00),(313,'2011-01-14','2011-02-23 20:44:08',1,6128,'SEG',213,1,2011,1,150.00),(314,'2011-01-14','2011-02-23 20:45:32',1,6129,'SEG',214,1,2011,1,100.00),(315,'2011-01-15','2011-02-23 20:46:56',1,6130,'SEG',215,1,2011,1,150.00),(316,'2011-01-17','2011-02-23 20:48:53',1,6131,'SEG',216,1,2011,1,150.00),(317,'2011-01-17','2011-02-23 20:52:14',1,6132,'SEG',217,12,2010,1,150.00),(318,'2011-01-17','2011-02-23 20:53:45',1,6133,'SEG',218,1,2011,1,100.00),(319,'2011-01-17','2011-03-05 21:50:13',1,6134,'SEG',219,1,2011,1,100.00),(320,'2011-01-19','2011-03-05 21:51:31',1,6135,'SEG',220,1,2011,1,150.00),(321,'2011-01-19','2011-03-05 21:53:01',1,6136,'SEG',221,1,2011,1,100.00),(322,'2011-01-19','2011-03-05 21:54:24',1,6137,'SEG',222,1,2011,1,150.00),(323,'2011-01-22','2011-03-05 21:55:33',1,6138,'SEG',223,1,2011,1,150.00),(324,'2011-01-22','2011-03-05 21:56:45',1,6139,'SEG',224,1,2011,1,150.00),(325,'2011-01-22','2011-03-05 21:57:53',1,6140,'SEG',225,1,2011,1,150.00),(326,'2011-01-22','2011-03-05 21:58:57',1,6141,'SEG',226,1,2011,1,80.00),(327,'2011-01-22','2011-03-05 21:59:55',1,6142,'SEG',227,1,2011,1,100.00),(328,'2011-01-22','2011-03-05 22:00:49',1,6143,'SEG',228,1,2011,1,150.00),(329,'2011-01-22','2011-03-05 22:01:54',1,6144,'SEG',229,1,2011,1,150.00),(330,'2011-01-24','2011-03-05 22:03:35',1,6145,'SEG',230,1,2011,1,150.00),(331,'2011-01-24','2011-03-05 22:04:43',1,6146,'SEG',231,1,2011,1,100.00),(332,'2011-01-27','2011-03-05 22:06:01',1,6147,'SEG',232,1,2011,1,150.00),(333,'2011-01-31','2011-03-05 22:07:00',1,6148,'SEG',233,1,2011,1,150.00),(334,'2011-01-31','2011-03-05 22:07:48',1,6149,'SEG',234,1,2011,1,100.00),(335,'2011-01-31','2011-03-05 22:08:38',1,6150,'SEG',235,1,2011,1,150.00),(336,'2011-02-27','2011-03-22 15:46:07',1,6426,'SEG',187,2,2011,1,150.00),(337,'2011-02-23','2011-03-22 15:47:43',1,6427,'SEG',236,2,2011,1,100.00),(338,'2011-02-23','2011-03-22 15:49:20',1,6428,'SEG',146,12,2010,1,125.00),(339,'2011-02-23','2011-03-22 15:50:07',1,6429,'SEG',146,1,2011,1,125.00),(340,'2011-03-03','2011-03-22 15:51:34',1,6430,'SEG',151,2,2011,1,100.00),(341,'2011-02-23','2011-03-22 15:53:04',1,6431,'SEG',108,2,2011,1,150.00),(342,'2011-02-23','2011-03-22 15:54:15',1,6432,'SEG',36,2,2011,1,150.00),(343,'2011-02-23','2011-03-22 15:55:44',1,6433,'SEG',237,1,2011,1,150.00),(344,'2011-02-26','2011-03-22 15:56:46',1,6434,'SEG',237,2,2011,1,150.00),(345,'2011-02-26','2011-03-22 15:58:06',1,6435,'SEG',80,1,2011,1,150.00),(346,'2011-02-27','2011-03-22 15:59:15',1,6436,'SEG',215,2,2011,1,150.00),(347,'2011-02-27','2011-03-22 16:00:18',1,6437,'SEG',126,2,2011,1,150.00),(348,'2011-03-03','2011-03-22 16:03:49',1,6439,'SEG',238,1,2011,1,150.00),(349,'2011-03-02','2011-03-22 16:05:52',1,6438,'SEG',121,3,2011,1,100.00),(350,'2011-03-03','2011-03-22 16:07:14',1,6440,'SEG',238,2,2011,1,150.00),(351,'2011-03-03','2011-03-22 16:08:33',1,6441,'SEG',10,3,2011,1,150.00),(352,'2011-03-03','2011-03-22 16:10:06',1,6442,'SEG',24,3,2011,1,80.00),(353,'2011-03-03','2011-03-22 16:11:12',1,6443,'SEG',128,3,2011,1,100.00),(354,'2011-03-03','2011-03-22 16:12:21',1,6444,'SEG',34,3,2011,1,150.00),(355,'2011-03-03','2011-03-22 16:13:21',1,6445,'SEG',239,3,2011,1,150.00),(356,'2011-03-03','2011-03-22 16:14:36',1,6446,'SEG',79,2,2011,1,150.00),(357,'2011-03-03','2011-03-22 16:15:58',1,6447,'SEG',43,3,2011,1,150.00),(358,'2011-03-03','2011-03-22 16:17:09',1,6448,'SEG',46,3,2011,1,150.00),(359,'2011-03-09','2011-03-22 16:18:38',1,6449,'SEG',240,3,2011,1,150.00),(360,'2011-01-10','2011-03-22 16:51:55',1,6151,'SEG',241,1,2011,1,150.00),(361,'2011-01-10','2011-03-22 16:53:26',1,6152,'SEG',170,1,2011,1,150.00),(362,'2011-01-12','2011-03-22 16:54:43',1,6153,'SEG',242,1,2011,1,150.00),(363,'2011-01-12','2011-03-22 16:55:57',1,6154,'SEG',154,1,2011,1,150.00),(364,'2011-01-13','2011-03-22 16:58:01',1,6155,'SEG',244,1,2011,1,150.00),(365,'2011-01-14','2011-03-22 16:59:47',1,6156,'SEG',245,1,2011,1,150.00),(366,'2011-01-25','2011-03-22 17:01:04',1,6157,'SEG',246,1,2011,1,150.00),(367,'2011-01-26','2011-03-22 17:02:42',1,6158,'SEG',247,1,2011,1,150.00),(368,'2011-01-26','2011-03-22 17:03:37',1,6159,'SEG',248,1,2011,1,150.00),(369,'2011-01-26','2011-03-22 17:04:33',1,6160,'SEG',249,1,2011,1,150.00),(370,'2011-01-27','2011-03-22 17:06:59',1,6161,'SEG',152,1,2011,1,150.00),(371,'2011-01-27','2011-03-22 17:08:11',1,6162,'SEG',250,1,2011,1,150.00),(372,'2011-01-27','2011-03-22 17:09:56',1,6163,'SEG',251,1,2011,1,100.00),(373,'2011-02-01','2011-03-22 17:10:57',1,6164,'SEG',252,2,2011,1,150.00),(374,'2011-02-02','2011-03-22 17:12:29',1,6165,'SEG',249,2,2011,1,150.00),(375,'2011-02-03','2011-03-22 17:13:38',1,6166,'SEG',253,2,2011,1,150.00),(376,'2011-02-05','2011-03-22 17:16:53',1,6167,'SEG',254,1,2011,1,150.00),(377,'2011-02-07','2011-03-22 17:18:27',1,6168,'SEG',255,2,2011,1,150.00),(378,'2011-02-08','2011-03-22 17:20:32',1,6169,'SEG',256,1,2011,1,150.00),(379,'2011-02-08','2011-03-22 17:21:38',1,6170,'SEG',250,2,2011,1,150.00),(380,'2011-02-09','2011-03-22 17:23:37',1,6171,'SEG',239,1,2011,1,150.00),(381,'2011-02-09','2011-03-22 17:24:59',1,6172,'SEG',180,2,2011,1,150.00),(382,'2011-02-09','2011-03-22 17:27:47',1,6173,'SEG',257,2,2011,1,100.00),(383,'2011-02-09','2011-03-22 17:29:01',1,6174,'SEG',258,1,2011,1,100.00),(384,'2011-02-10','2011-03-22 17:33:08',1,6175,'SEG',259,2,2011,1,150.00),(385,'2010-12-21','2011-03-23 01:59:21',1,5826,'SEG',260,12,2010,1,150.00),(386,'2010-12-21','2011-03-23 02:00:25',1,5827,'SEG',261,12,2010,1,150.00),(387,'2010-12-29','2011-03-23 02:02:56',1,5828,'SEG',262,12,2010,1,100.00),(388,'2010-12-30','2011-03-23 02:04:57',1,5829,'SEG',263,1,2011,1,100.00),(389,'2011-01-03','2011-03-23 02:06:20',1,5830,'SEG',264,1,2011,1,150.00),(390,'2011-01-03','2011-03-23 02:07:27',1,5831,'SEG',265,1,2011,1,150.00),(391,'2011-01-04','2011-03-23 20:37:59',1,5832,'SEG',266,1,2011,1,150.00),(392,'2011-01-04','2011-03-23 20:39:26',1,5833,'SEG',267,1,2011,1,150.00),(393,'2011-01-05','2011-03-23 20:40:50',1,5834,'SEG',268,1,2011,1,100.00),(394,'2011-01-05','2011-03-23 20:41:40',1,5835,'SEG',260,1,2011,1,150.00),(395,'2011-01-06','2011-03-23 20:43:33',1,5836,'SEG',269,1,2011,1,150.00),(396,'2011-01-06','2011-03-23 20:44:45',1,5837,'SEG',270,1,2011,1,150.00),(397,'2011-01-05','2011-03-23 20:47:29',1,5838,'SEG',271,1,2011,1,150.00),(398,'2011-01-07','2011-03-23 20:48:26',1,5839,'SEG',272,1,2011,1,150.00),(399,'2011-01-07','2011-03-23 20:49:41',1,5840,'SEG',127,1,2011,1,150.00),(400,'2011-01-10','2011-03-23 20:50:47',1,5841,'SEG',273,1,2011,1,150.00),(401,'2011-01-10','2011-03-23 20:51:39',1,5842,'SEG',261,1,2011,1,150.00),(402,'2011-01-10','2011-03-23 20:52:51',1,5843,'SEG',274,12,2010,1,100.00),(403,'2011-01-10','2011-03-23 20:53:44',1,5844,'SEG',264,2,2011,1,150.00),(404,'2011-02-02','2011-03-23 20:54:46',1,5845,'SEG',88,1,2011,1,150.00),(405,'2011-02-03','2011-03-23 20:55:54',1,5846,'SEG',263,2,2011,1,100.00),(406,'2011-02-03','2011-03-23 21:00:35',1,5847,'SEG',102,1,2011,1,150.00),(407,'2011-02-03','2011-03-23 21:03:02',1,5848,'SEG',267,2,2011,1,150.00),(408,'2011-02-04','2011-03-23 23:55:58',1,5849,'SEG',268,2,2011,1,100.00),(409,'2011-02-08','2011-03-23 23:57:59',1,5850,'SEG',275,1,2011,1,100.00),(410,'2011-02-14','2011-03-27 20:33:15',1,6476,'SEG',195,2,2011,1,100.00),(411,'2011-02-14','2011-03-27 20:34:38',1,6477,'SEG',247,2,2011,1,150.00),(412,'2011-02-14','2011-03-27 20:36:01',1,6478,'SEG',210,2,2011,1,150.00),(413,'2011-02-14','2011-03-27 20:37:34',1,6479,'SEG',235,2,2011,1,150.00),(414,'2011-02-14','2011-03-27 20:46:16',1,6480,'SEG',222,2,2011,1,150.00),(415,'2011-02-17','2011-03-27 20:47:28',1,6481,'SEG',186,2,2011,1,150.00),(416,'2011-02-17','2011-03-27 20:48:23',1,6482,'SEG',209,2,2011,1,100.00),(417,'2011-02-17','2011-03-27 20:49:32',1,6483,'SEG',194,2,2011,1,100.00),(418,'2011-02-17','2011-03-27 20:50:32',1,6484,'SEG',181,2,2011,1,150.00),(419,'2011-02-17','2011-03-27 20:51:21',1,6485,'SEG',158,2,2011,1,150.00),(420,'2011-02-17','2011-03-27 20:52:07',1,6486,'SEG',179,2,2011,1,150.00),(421,'2011-02-17','2011-03-27 20:53:26',1,6487,'SEG',197,2,2011,1,150.00),(422,'2011-02-17','2011-03-27 20:54:20',1,6488,'SEG',192,2,2011,1,150.00),(423,'2011-02-17','2011-03-27 20:55:00',1,6489,'SEG',232,2,2011,1,150.00),(424,'2011-02-17','2011-03-27 20:56:02',1,6490,'SEG',178,2,2011,1,100.00),(425,'2011-02-17','2011-03-27 20:56:57',1,6491,'SEG',276,2,2011,1,100.00),(426,'2011-02-26','2011-03-27 20:58:12',1,6492,'SEG',224,2,2011,1,150.00),(427,'2011-02-26','2011-03-27 20:59:24',1,6494,'SEG',277,2,2011,1,100.00),(428,'2011-02-26','2011-03-27 21:00:36',1,6495,'SEG',162,3,2011,1,100.00),(429,'2011-03-02','2011-03-27 21:02:03',1,6496,'SEG',153,2,2011,1,150.00),(430,'2011-03-02','2011-03-27 21:04:18',1,6498,'SEG',226,2,2011,1,80.00),(431,'2011-03-04','2011-03-27 21:13:03',1,6500,'SEG',198,3,2011,1,100.00),(432,'2011-02-11','2011-04-08 19:58:54',1,6401,'SEG',278,2,2011,1,100.00),(433,'2011-02-12','2011-04-08 20:00:13',1,6402,'SEG',58,2,2011,1,100.00),(434,'2011-02-12','2011-04-08 20:03:07',1,6404,'SEG',70,2,2011,1,150.00),(435,'2011-02-12','2011-04-08 20:05:19',1,6405,'SEG',9,2,2011,1,150.00),(436,'2011-02-12','2011-04-08 20:12:15',1,6406,'SEG',56,2,2011,1,150.00),(437,'2011-02-12','2011-04-08 20:13:39',1,6407,'SEG',43,2,2011,1,150.00),(438,'2011-02-12','2011-04-08 20:14:51',1,6408,'SEG',141,1,2011,1,150.00),(439,'2011-02-12','2011-04-08 20:16:03',1,6409,'SEG',77,2,2011,1,150.00),(440,'2011-02-12','2011-04-08 20:17:29',1,6410,'SEG',5,2,2011,1,100.00),(441,'2011-02-12','2011-04-08 20:18:43',1,6411,'SEG',119,2,2011,1,150.00),(442,'2011-02-12','2011-04-08 20:19:45',1,6412,'SEG',65,2,2011,1,100.00),(443,'2011-02-12','2011-04-08 20:21:00',1,6413,'SEG',32,2,2011,1,80.00),(444,'2011-02-12','2011-04-08 20:22:05',1,6414,'SEG',115,1,2011,1,100.00),(445,'2011-02-14','2011-04-08 20:24:08',1,6415,'SEG',71,2,2011,1,150.00),(446,'2011-02-14','2011-04-08 20:25:31',1,6416,'SEG',40,2,2011,1,150.00),(447,'2011-02-14','2011-04-08 20:27:34',1,6417,'SEG',61,2,2011,1,100.00),(448,'2011-02-14','2011-04-08 20:28:46',1,6418,'SEG',279,2,2011,1,100.00),(449,'2011-02-14','2011-04-08 20:31:14',1,6419,'SEG',69,2,2011,1,150.00),(450,'2011-02-14','2011-04-08 20:32:34',1,6420,'SEG',27,2,2011,1,150.00),(451,'2011-02-14','2011-04-08 20:37:29',1,6422,'SEG',66,2,2011,1,100.00),(452,'2011-02-14','2011-04-08 20:39:01',1,6423,'SEG',62,2,2011,1,150.00),(453,'2011-02-14','2011-04-08 20:40:14',1,6424,'SEG',280,2,2011,1,150.00),(454,'2011-02-14','2011-04-08 20:41:07',1,6425,'SEG',93,2,2011,1,150.00),(455,'2011-02-13','2011-04-08 20:44:22',1,6451,'SEG',150,1,2011,1,150.00),(456,'2011-02-13','2011-04-08 20:45:25',1,6452,'SEG',67,2,2011,1,100.00),(457,'2011-02-13','2011-04-08 20:46:47',1,6453,'SEG',98,2,2011,1,150.00),(458,'2011-02-14','2011-04-08 20:48:33',1,6455,'SEG',81,2,2011,1,150.00),(459,'2011-02-14','2011-04-08 20:50:00',1,6456,'SEG',94,2,2011,1,150.00),(460,'2011-02-16','2011-04-08 20:51:16',1,6457,'SEG',137,2,2011,1,150.00),(461,'2011-02-15','2011-04-08 20:52:14',1,6458,'SEG',73,2,2011,1,150.00),(462,'2011-02-16','2011-04-08 20:53:31',1,6459,'SEG',48,2,2011,1,100.00),(463,'2011-02-16','2011-04-08 20:54:51',1,6460,'SEG',50,2,2011,1,100.00),(464,'2011-02-16','2011-04-08 21:03:10',1,6462,'SEG',281,2,2011,1,150.00),(465,'2011-02-16','2011-04-08 21:04:01',1,6463,'SEG',281,1,2011,1,150.00),(466,'2011-02-16','2011-04-08 21:05:06',1,6464,'SEG',41,2,2011,1,150.00),(467,'2011-02-19','2011-04-08 21:08:05',1,6465,'SEG',140,2,2011,1,150.00),(468,'2011-02-17','2011-04-08 21:09:39',1,6466,'SEG',282,1,2011,1,50.00),(469,'2011-02-17','2011-04-08 21:10:44',1,6467,'SEG',282,2,2011,1,50.00),(470,'2011-02-19','2011-04-08 21:12:09',1,6468,'SEG',68,2,2011,1,150.00),(471,'2011-02-19','2011-04-08 21:13:12',1,6469,'SEG',52,2,2011,1,100.00),(472,'2011-02-19','2011-04-08 21:15:01',1,6470,'SEG',283,3,2011,1,150.00),(473,'2011-02-19','2011-04-08 21:16:42',1,6471,'SEG',7,2,2011,1,150.00),(474,'2011-02-21','2011-04-08 21:18:20',1,6472,'SEG',95,2,2011,1,150.00),(475,'2011-02-10','2011-04-08 21:21:13',1,6201,'SEG',206,2,2011,1,150.00),(476,'2011-02-10','2011-04-08 21:22:30',1,6202,'SEG',218,2,2011,1,100.00),(477,'2011-02-10','2011-04-08 21:24:20',1,6203,'SEG',185,2,2011,1,100.00),(478,'2011-02-10','2011-04-08 21:25:27',1,6204,'SEG',184,2,2011,1,100.00),(479,'2011-02-10','2011-04-08 21:26:47',1,6205,'SEG',204,2,2011,1,70.00),(480,'2011-02-10','2011-04-08 21:27:57',1,6206,'SEG',182,2,2011,1,150.00),(481,'2011-02-10','2011-04-08 21:28:55',1,6207,'SEG',207,2,2011,1,100.00),(482,'2011-02-10','2011-04-08 21:29:37',1,6208,'SEG',189,2,2011,1,100.00),(483,'2011-02-10','2011-04-08 21:30:36',1,6209,'SEG',191,2,2011,1,150.00),(484,'2011-02-10','2011-04-08 21:32:42',1,6210,'SEG',228,2,2011,1,150.00),(485,'2011-02-10','2011-04-08 22:30:20',1,6211,'SEG',284,1,2011,1,100.00),(486,'2011-02-12','2011-04-08 23:28:20',1,6212,'SEG',188,2,2011,1,100.00),(487,'2011-02-12','2011-04-08 23:31:55',1,6214,'SEG',285,2,2011,1,100.00),(488,'2011-02-12','2011-04-08 23:33:34',1,6215,'SEG',286,2,2011,1,150.00),(489,'2011-02-13','2011-04-08 23:34:53',1,6216,'SEG',177,2,2011,1,150.00),(490,'2011-02-14','2011-04-08 23:35:55',1,6217,'SEG',201,2,2011,1,150.00),(491,'2011-02-14','2011-04-08 23:37:06',1,6218,'SEG',231,2,2011,1,100.00),(492,'2011-02-14','2011-04-08 23:38:24',1,6219,'SEG',287,1,2011,1,100.00),(493,'2011-02-14','2011-04-08 23:39:29',1,6220,'SEG',214,2,2011,1,100.00),(494,'2011-02-14','2011-04-08 23:40:27',1,6221,'SEG',287,2,2011,1,100.00),(495,'2011-02-14','2011-04-08 23:41:44',1,6222,'SEG',199,2,2011,1,100.00),(496,'2011-02-14','2011-04-08 23:43:02',1,6223,'SEG',193,2,2011,1,150.00),(497,'2011-02-14','2011-04-08 23:44:07',1,6224,'SEG',196,2,2011,1,100.00),(498,'2011-02-14','2011-04-08 23:45:00',1,6225,'SEG',288,2,2011,1,100.00),(499,'2011-03-03','2011-04-08 23:49:00',1,6501,'SEG',223,3,2011,1,150.00),(500,'2011-03-03','2011-04-08 23:50:22',1,6502,'SEG',212,3,2011,1,150.00),(501,'2011-03-03','2011-04-08 23:51:16',1,6503,'SEG',177,3,2011,1,150.00),(502,'2011-03-03','2011-04-08 23:52:25',1,6504,'SEG',202,2,2011,1,150.00),(503,'2011-03-03','2011-04-08 23:52:55',1,6505,'SEG',202,3,2011,1,150.00),(504,'2011-03-03','2011-04-08 23:53:52',1,6506,'SEG',193,3,2011,1,150.00),(505,'2011-03-04','2011-04-08 23:54:55',1,6507,'SEG',187,3,2011,1,150.00),(506,'2011-03-09','2011-04-08 23:55:47',1,6508,'SEG',206,3,2011,1,150.00),(507,'2011-03-09','2011-04-08 23:56:45',1,6509,'SEG',218,3,2011,1,100.00),(508,'2011-03-09','2011-04-08 23:57:40',1,6510,'SEG',258,3,2011,1,100.00),(509,'2011-03-09','2011-04-08 23:58:48',1,6511,'SEG',204,3,2011,1,70.00),(510,'2011-03-09','2011-04-08 23:59:39',1,6512,'SEG',163,3,2011,1,150.00),(511,'2011-03-09','2011-04-09 00:00:32',1,6513,'SEG',181,3,2011,1,150.00),(512,'2011-03-09','2011-04-09 00:01:29',1,6514,'SEG',158,3,2011,1,150.00),(513,'2011-03-09','2011-04-09 00:02:41',1,6515,'SEG',185,3,2011,1,100.00),(514,'2011-03-09','2011-04-09 00:03:46',1,6516,'SEG',176,3,2011,1,100.00),(515,'2011-03-09','2011-04-09 00:04:41',1,6517,'SEG',174,3,2011,1,100.00),(516,'2011-03-09','2011-04-09 00:05:31',1,6518,'SEG',166,3,2011,1,100.00),(517,'2011-03-09','2011-04-09 00:06:29',1,6519,'SEG',256,3,2011,1,150.00),(518,'2011-03-09','2011-04-09 00:07:36',1,6520,'SEG',170,3,2011,1,150.00),(519,'2011-03-09','2011-04-09 00:08:27',1,6521,'SEG',288,3,2011,1,100.00),(520,'2011-03-09','2011-04-09 00:09:21',1,6522,'SEG',224,3,2011,1,150.00),(521,'2011-03-09','2011-04-09 00:10:25',1,6523,'SEG',156,3,2011,1,100.00),(522,'2011-03-09','2011-04-09 00:11:27',1,6524,'SEG',221,3,2011,1,100.00),(523,'2011-03-09','2011-04-09 00:12:23',1,6525,'SEG',192,3,2011,1,150.00),(524,'2011-03-11','2011-04-09 10:36:09',1,6651,'SEG',229,3,2011,1,150.00),(525,'2011-03-11','2011-04-09 10:37:26',1,6652,'SEG',286,3,2011,1,100.00),(526,'2011-03-11','2011-04-09 10:38:57',1,6653,'SEG',194,3,2011,1,100.00),(527,'2011-03-11','2011-04-09 10:39:55',1,6654,'SEG',164,3,2011,1,150.00),(528,'2011-03-11','2011-04-09 10:40:55',1,6655,'SEG',182,3,2011,1,150.00),(529,'2011-03-11','2011-04-09 10:41:49',1,6656,'SEG',183,3,2011,1,150.00),(530,'2011-03-11','2011-04-09 10:42:34',1,6657,'SEG',184,3,2011,1,100.00),(531,'2011-03-11','2011-04-09 10:43:33',1,6658,'SEG',219,3,2011,1,100.00),(532,'2011-03-11','2011-04-09 10:44:39',1,6659,'SEG',154,3,2011,1,150.00),(533,'2011-03-11','2011-04-09 10:45:37',1,6660,'SEG',207,3,2011,1,100.00),(534,'2011-03-11','2011-04-09 10:46:35',1,6661,'SEG',247,3,2011,1,150.00),(535,'2011-03-11','2011-04-09 10:47:32',1,6662,'SEG',149,3,2011,1,150.00),(536,'2011-03-11','2011-04-09 10:48:42',1,6663,'SEG',231,3,2011,1,100.00),(537,'2011-03-11','2011-04-09 10:49:47',1,6664,'SEG',287,3,2011,1,100.00),(538,'2011-03-11','2011-04-09 10:50:47',1,6665,'SEG',199,3,2011,1,100.00),(539,'2011-03-11','2011-04-09 10:51:39',1,6666,'SEG',160,3,2011,1,100.00),(540,'2011-02-16','2011-04-09 13:14:09',1,6461,'SEG',16,2,2011,1,150.00),(541,'2011-03-11','2011-04-09 13:16:45',1,6667,'SEG',203,3,2011,1,100.00),(542,'2011-03-11','2011-04-09 13:18:10',1,6668,'SEG',230,2,2011,1,100.00),(543,'2011-03-11','2011-04-13 10:43:34',1,6670,'SEG',167,3,2011,1,150.00),(544,'2011-03-11','2011-04-13 10:44:29',1,6671,'SEG',168,3,2011,1,150.00),(545,'2011-03-13','2011-04-13 10:45:34',1,6672,'SEG',178,3,2011,1,100.00),(546,'2011-03-14','2011-04-13 10:46:36',1,6673,'SEG',188,3,2011,1,100.00),(547,'2011-03-14','2011-04-13 10:47:23',1,6674,'SEG',201,3,2011,1,150.00),(548,'2011-03-17','2011-04-13 10:48:41',1,6675,'SEG',225,3,2011,1,100.00),(549,'2011-03-12','2011-04-13 10:50:39',1,6626,'SEG',39,3,2011,1,75.00),(550,'2011-03-12','2011-04-13 10:51:29',1,6627,'SEG',279,3,2011,1,100.00),(551,'2011-03-12','2011-04-13 10:52:21',1,6628,'SEG',54,2,2011,1,150.00),(552,'2011-03-12','2011-04-13 10:53:59',1,6629,'SEG',88,3,2011,1,150.00),(553,'2011-03-12','2011-04-13 10:55:23',1,6630,'SEG',111,2,2011,1,150.00),(554,'2011-03-12','2011-04-13 10:56:16',1,6631,'SEG',55,3,2011,1,150.00),(555,'2011-03-12','2011-04-13 10:57:20',1,6632,'SEG',132,3,2011,1,150.00),(556,'2011-03-13','2011-04-13 10:58:22',1,6633,'SEG',86,2,2011,1,150.00),(557,'2011-03-13','2011-04-13 10:59:06',1,6634,'SEG',86,3,2011,1,150.00),(558,'2011-03-13','2011-04-13 11:00:21',1,6635,'SEG',23,3,2011,1,150.00),(559,'2011-03-13','2011-04-13 11:01:44',1,6636,'SEG',72,3,2011,1,100.00),(560,'2011-03-14','2011-04-13 11:02:54',1,6637,'SEG',27,3,2011,1,150.00),(561,'2011-03-14','2011-04-13 11:05:49',1,6638,'SEG',274,3,2011,1,150.00),(562,'2011-03-14','2011-04-13 11:06:50',1,6639,'SEG',67,3,2011,1,100.00),(563,'2011-03-14','2011-04-13 11:07:49',1,6640,'SEG',147,3,2011,1,100.00),(564,'2011-03-21','2011-04-13 11:09:29',1,6641,'SEG',144,3,2011,1,100.00),(565,'2011-03-14','2011-04-13 11:10:39',1,6642,'SEG',64,3,2011,1,150.00),(566,'2011-03-14','2011-04-13 11:11:34',1,6643,'SEG',84,3,2011,1,100.00),(567,'2011-03-14','2011-04-13 11:12:17',1,6644,'SEG',52,3,2011,1,100.00),(568,'2011-03-14','2011-04-13 11:13:34',1,6645,'SEG',133,3,2011,1,150.00),(569,'2011-03-14','2011-04-13 11:15:56',1,6648,'SEG',94,3,2011,1,150.00),(570,'2011-03-21','2011-04-13 11:18:04',1,6649,'SEG',33,3,2011,1,100.00),(571,'2011-03-21','2011-04-13 11:19:16',1,6650,'SEG',95,3,2011,1,150.00),(572,'2011-03-07','2011-04-13 11:21:24',1,6576,'SEG',58,3,2011,1,100.00),(573,'2011-03-07','2011-04-13 11:23:05',1,6578,'SEG',57,3,2011,1,150.00),(574,'2011-03-07','2011-04-13 11:24:27',1,6579,'SEG',13,3,2011,1,150.00),(575,'2011-03-09','2011-04-13 11:26:16',1,6581,'SEG',127,3,2011,1,150.00),(576,'2011-03-08','2011-04-13 11:27:26',1,6582,'SEG',131,3,2011,1,150.00),(577,'2011-03-09','2011-04-13 11:28:24',1,6583,'SEG',75,2,2011,1,150.00),(578,'2011-03-09','2011-04-13 11:29:22',1,6584,'SEG',14,3,2011,1,150.00),(579,'2011-03-10','2011-04-13 11:31:07',1,6586,'SEG',15,3,2011,1,150.00),(580,'2011-03-10','2011-04-13 11:32:08',1,6587,'SEG',45,3,2011,1,150.00),(581,'2011-03-09','2011-04-13 11:33:53',1,6589,'SEG',91,3,2011,1,100.00),(582,'2011-03-09','2011-04-13 11:34:47',1,6590,'SEG',18,3,2011,1,150.00),(583,'2011-03-09','2011-04-13 11:35:32',1,6591,'SEG',20,3,2011,1,150.00),(584,'2011-03-09','2011-04-13 11:36:57',1,6593,'SEG',29,3,2011,1,150.00),(585,'2011-03-09','2011-04-13 11:38:19',1,6594,'SEG',63,3,2011,1,150.00),(586,'2011-03-10','2011-04-13 11:39:32',1,6595,'SEG',120,3,2011,1,150.00),(587,'2011-03-10','2011-04-13 12:42:21',1,6596,'SEG',134,3,2011,1,100.00),(588,'2011-03-10','2011-04-13 12:43:14',1,6597,'SEG',17,3,2011,1,100.00),(589,'2011-03-10','2011-04-13 12:44:41',1,6599,'SEG',16,3,2011,1,150.00),(590,'2011-03-10','2011-04-13 12:46:46',1,6600,'SEG',289,3,2011,1,150.00),(591,'2011-03-05','2011-04-13 12:57:51',1,6601,'SEG',76,3,2011,1,65.00),(592,'2011-03-06','2011-04-13 12:58:43',1,6602,'SEG',81,3,2011,1,150.00),(593,'2011-03-06','2011-04-13 13:00:22',1,6603,'SEG',238,3,2011,1,150.00),(594,'2011-03-06','2011-04-13 13:01:45',1,6604,'SEG',49,3,2011,1,150.00),(595,'2011-03-06','2011-04-13 13:02:41',1,6605,'SEG',105,3,2011,1,150.00),(596,'2011-03-10','2011-04-13 13:03:46',1,6606,'SEG',125,3,2011,1,150.00),(597,'2011-03-07','2011-04-13 13:04:46',1,6607,'SEG',117,3,2011,1,150.00),(598,'2011-03-07','2011-04-13 13:07:39',1,6608,'SEG',124,2,2011,1,100.00),(599,'2011-03-07','2011-04-13 13:10:10',1,6609,'SEG',37,3,2011,1,100.00),(600,'2011-03-07','2011-04-13 13:12:10',1,6610,'SEG',47,3,2011,1,150.00),(601,'2011-03-10','2011-04-13 13:13:16',1,6611,'SEG',109,3,2011,1,80.00),(602,'2011-03-10','2011-04-13 13:13:56',1,6612,'SEG',135,3,2011,1,150.00),(603,'2011-03-10','2011-04-13 13:15:26',1,6613,'SEG',281,3,2011,1,150.00),(604,'2011-03-10','2011-04-13 13:16:31',1,6614,'SEG',136,3,2011,1,100.00),(605,'2011-03-10','2011-04-13 13:17:33',1,6615,'SEG',44,3,2011,1,100.00),(606,'2011-03-12','2011-04-13 13:25:48',1,6618,'SEG',123,2,2011,1,150.00),(607,'2011-03-12','2011-04-13 13:26:55',1,6619,'SEG',236,3,2011,1,100.00),(608,'2011-03-21','2011-04-13 13:27:58',1,6620,'SEG',282,3,2011,1,150.00),(609,'2011-03-12','2011-04-13 13:29:00',1,6621,'SEG',291,1,2011,1,150.00),(610,'2011-03-12','2011-04-13 13:29:46',1,6622,'SEG',291,2,2011,1,150.00),(611,'2011-03-12','2011-04-13 13:30:36',1,6623,'SEG',89,3,2011,1,150.00),(612,'2011-03-12','2011-04-13 13:31:34',1,6624,'SEG',71,3,2011,1,150.00),(613,'2011-03-12','2011-04-13 13:32:18',1,6625,'SEG',40,3,2011,1,150.00),(614,'2011-03-17','2011-04-25 22:36:53',1,6676,'SEG',235,3,2011,1,150.00),(615,'2011-03-17','2011-04-25 22:37:45',1,6677,'SEG',215,3,2011,1,150.00),(616,'2011-03-17','2011-04-25 22:38:44',1,6678,'SEG',214,3,2011,1,100.00),(617,'2011-03-17','2011-04-25 22:40:24',1,6680,'SEG',191,3,2011,1,100.00),(618,'2011-03-17','2011-04-25 22:41:37',1,6681,'SEG',222,3,2011,1,150.00),(619,'2011-03-22','2011-04-25 22:42:37',1,6682,'SEG',227,3,2011,1,100.00),(620,'2011-03-30','2011-04-25 22:43:53',1,6683,'SEG',233,2,2011,1,150.00),(621,'2011-03-30','2011-04-25 22:46:30',1,6685,'SEG',211,2,2011,1,100.00),(622,'2011-03-30','2011-04-25 22:47:17',1,6686,'SEG',211,3,2011,1,100.00),(623,'2011-04-03','2011-04-25 22:49:45',1,6687,'SEG',227,4,2011,1,100.00),(624,'2011-04-06','2011-04-25 22:51:28',1,6688,'SEG',171,4,2011,1,80.00),(625,'2011-04-06','2011-04-25 22:52:37',1,6689,'SEG',198,4,2011,1,100.00),(626,'2011-04-06','2011-04-25 22:56:58',1,6690,'SEG',164,4,2011,1,100.00),(627,'2011-04-06','2011-04-25 22:58:29',1,6691,'SEG',223,4,2011,1,100.00),(628,'2011-04-06','2011-04-25 22:59:25',1,6692,'SEG',292,4,2011,1,100.00),(629,'2011-04-06','2011-04-25 23:00:53',1,6693,'SEG',286,4,2011,1,100.00),(630,'2011-04-06','2011-04-25 23:01:54',1,6694,'SEG',224,4,2011,1,100.00),(631,'2011-04-06','2011-04-25 23:03:08',1,6695,'SEG',177,4,2011,1,100.00),(632,'2011-04-06','2011-04-25 23:04:09',1,6696,'SEG',207,4,2011,1,100.00),(633,'2011-04-06','2011-04-25 23:06:59',1,6697,'SEG',234,3,2011,1,100.00),(634,'2011-04-06','2011-04-25 23:09:11',1,6698,'SEG',188,4,2011,1,100.00),(635,'2011-04-06','2011-04-25 23:09:44',1,6699,'SEG',232,4,2011,1,100.00),(636,'2011-04-07','2011-04-25 23:10:57',1,6700,'SEG',157,3,2011,1,100.00),(637,'2011-03-24','2011-04-25 23:16:44',1,6726,'SEG',59,3,2011,1,100.00),(638,'2011-03-24','2011-04-25 23:17:20',1,6727,'SEG',59,2,2011,1,100.00),(639,'2011-03-26','2011-04-25 23:19:31',1,6728,'SEG',99,3,2011,1,150.00),(640,'2011-03-24','2011-04-25 23:21:15',1,6729,'SEG',20,2,2011,1,100.00),(641,'2011-03-25','2011-04-25 23:23:53',1,6731,'SEG',98,3,2011,1,150.00),(642,'2011-03-27','2011-04-25 23:25:45',1,6733,'SEG',3,3,2011,1,150.00),(643,'2011-03-26','2011-04-25 23:28:11',1,6734,'SEG',60,3,2011,1,150.00),(644,'2011-04-03','2011-04-25 23:29:35',1,6735,'SEG',99,4,2011,1,150.00),(645,'2011-03-23','2011-04-25 23:31:12',1,6736,'SEG',246,3,2011,1,100.00),(646,'2011-03-29','2011-04-25 23:32:24',1,6737,'SEG',93,4,2011,1,150.00),(647,'2011-04-03','2011-04-25 23:38:04',1,6740,'SEG',42,4,2011,1,150.00),(648,'2011-03-04','2011-05-01 19:43:40',1,6499,'SEG',232,3,2011,1,100.00),(649,'2011-04-03','2011-05-01 19:56:08',1,6742,'SEG',29,4,2011,1,150.00),(650,'2011-04-03','2011-05-01 19:57:47',1,6743,'SEG',293,4,2011,1,150.00),(651,'2011-04-03','2011-05-01 19:59:47',1,6744,'SEG',68,3,2011,1,150.00),(652,'2011-04-03','2011-05-01 20:00:16',1,6745,'SEG',68,4,2011,1,150.00),(653,'2011-04-03','2011-05-01 20:01:07',1,6746,'SEG',81,4,2011,1,150.00),(654,'2011-04-03','2011-05-01 20:02:34',1,6747,'SEG',47,4,2011,1,150.00),(655,'2011-04-04','2011-05-01 20:03:30',1,6748,'SEG',50,3,2011,1,80.00),(656,'2011-04-04','2011-05-01 20:04:28',1,6749,'SEG',7,4,2011,1,150.00),(657,'2011-04-04','2011-05-01 20:05:30',1,6750,'SEG',84,4,2011,1,100.00),(658,'2011-03-18','2011-05-01 20:09:36',1,6701,'SEG',129,3,2011,1,150.00),(659,'2011-03-18','2011-05-01 20:15:34',1,6703,'SEG',101,3,2011,1,150.00),(660,'2011-03-18','2011-05-01 20:16:56',1,6705,'SEG',36,3,2011,1,150.00),(661,'2011-03-18','2011-05-01 20:18:57',1,6706,'SEG',41,3,2011,1,150.00),(662,'2011-03-18','2011-05-01 20:20:04',1,6707,'SEG',118,3,2011,1,150.00),(663,'2011-03-18','2011-05-01 20:21:09',1,6708,'SEG',126,3,2011,1,150.00),(664,'2011-03-18','2011-05-01 20:21:58',1,6709,'SEG',80,2,2011,1,150.00),(665,'2011-03-20','2011-05-01 20:23:08',1,6710,'SEG',56,3,2011,1,150.00),(666,'2011-03-20','2011-05-01 20:24:18',1,6711,'SEG',62,3,2011,1,150.00),(667,'2011-03-23','2011-05-01 20:25:34',1,6712,'SEG',73,3,2011,1,150.00),(668,'2011-03-31','2011-05-01 20:27:15',1,6713,'SEG',121,4,2011,1,100.00),(669,'2011-04-03','2011-05-01 20:28:25',1,6714,'SEG',88,4,2011,1,150.00),(670,'2011-04-03','2011-05-01 20:30:18',1,6715,'SEG',26,3,2011,1,100.00),(671,'2011-04-03','2011-05-01 20:32:14',1,6716,'SEG',64,4,2011,1,150.00),(672,'2011-04-03','2011-05-01 20:34:02',1,6717,'SEG',48,4,2011,1,100.00),(673,'2011-04-04','2011-05-01 20:35:21',1,6718,'SEG',27,4,2011,1,150.00),(674,'2011-04-04','2011-05-01 20:36:35',1,6719,'SEG',239,4,2011,1,150.00),(675,'2011-04-04','2011-05-01 20:37:37',1,6720,'SEG',9,4,2011,1,150.00),(676,'2011-04-04','2011-05-01 20:39:14',1,6721,'SEG',180,4,2011,1,100.00),(677,'2011-04-04','2011-05-01 20:42:37',1,6723,'SEG',133,4,2011,1,150.00),(678,'2011-04-04','2011-05-01 20:43:23',1,6724,'SEG',14,4,2011,1,150.00),(679,'2011-04-04','2011-05-01 20:44:19',1,6725,'SEG',18,4,2011,1,150.00),(680,'2011-03-02','2011-05-01 20:46:46',1,6552,'SEG',19,3,2011,1,150.00),(681,'2011-03-02','2011-05-01 20:47:52',1,6553,'SEG',103,3,2011,1,150.00),(682,'2011-03-04','2011-05-01 20:49:33',1,6554,'SEG',28,2,2011,1,120.00),(683,'2011-03-04','2011-05-01 20:50:30',1,6555,'SEG',253,3,2011,1,150.00),(684,'2011-03-05','2011-05-01 20:51:59',1,6556,'SEG',130,3,2011,1,150.00),(685,'2011-03-04','2011-05-01 20:57:26',1,6558,'SEG',31,3,2011,1,150.00),(686,'2011-03-04','2011-05-01 20:58:51',1,6559,'SEG',9,3,2011,1,150.00),(687,'2011-03-04','2011-05-01 20:59:49',1,6560,'SEG',5,3,2011,1,100.00),(688,'2011-03-04','2011-05-01 21:00:59',1,6561,'SEG',7,3,2011,1,150.00),(689,'2011-03-04','2011-05-01 21:01:57',1,6562,'SEG',8,3,2011,1,100.00),(690,'2011-03-04','2011-05-01 21:02:51',1,6563,'SEG',66,3,2011,1,100.00),(691,'2011-03-04','2011-05-01 21:04:02',1,6564,'SEG',11,2,2011,1,100.00),(692,'2011-03-05','2011-05-01 21:05:14',1,6565,'SEG',82,3,2011,1,150.00),(693,'2011-03-05','2011-05-01 21:05:50',1,6566,'SEG',82,2,2011,1,150.00),(694,'2011-03-05','2011-05-01 21:07:56',1,6567,'SEG',100,3,2011,1,150.00),(695,'2011-03-05','2011-05-01 21:08:51',1,6568,'SEG',53,3,2011,1,150.00),(696,'2011-03-05','2011-05-01 21:09:40',1,6569,'SEG',60,2,2011,1,150.00),(697,'2011-03-05','2011-05-01 21:10:45',1,6570,'SEG',106,3,2011,1,100.00),(698,'2011-03-05','2011-05-01 21:13:05',1,6572,'SEG',122,2,2011,1,150.00),(699,'2011-03-05','2011-05-01 21:13:56',1,6573,'SEG',42,3,2011,1,150.00),(700,'2011-03-05','2011-05-01 21:15:19',1,6575,'SEG',275,3,2011,1,100.00),(701,'2011-04-03','2011-05-01 21:17:43',1,6702,'SEG',100,4,2011,1,150.00),(702,'2011-02-11','2011-05-02 14:40:21',1,6351,'SEG',271,2,2011,1,150.00),(703,'2011-02-12','2011-05-02 14:41:05',1,6352,'SEG',269,2,2011,1,150.00),(704,'2011-02-12','2011-05-02 14:42:02',1,6353,'SEG',265,2,2011,1,150.00),(705,'2011-02-15','2011-05-02 14:42:54',1,6354,'SEG',294,2,2011,1,150.00),(706,'2011-02-17','2011-05-02 14:43:50',1,6355,'SEG',295,2,2011,1,150.00),(707,'2011-04-08','2011-05-02 14:46:54',1,6976,'SEG',157,4,2011,1,100.00),(708,'2011-04-08','2011-05-02 14:47:48',1,6977,'SEG',288,4,2011,1,100.00),(709,'2011-04-08','2011-05-02 14:48:45',1,6978,'SEG',166,4,2011,1,100.00),(710,'2011-04-08','2011-05-02 14:49:27',1,6979,'SEG',176,4,2011,1,100.00),(711,'2011-04-08','2011-05-02 14:50:20',1,6980,'SEG',271,4,2011,1,100.00),(712,'2011-04-08','2011-05-02 14:51:15',1,6981,'SEG',197,4,2011,1,100.00),(713,'2011-04-08','2011-05-02 14:52:21',1,6983,'SEG',162,4,2011,1,100.00),(714,'2011-04-08','2011-05-02 14:53:19',1,6984,'SEG',185,4,2011,1,100.00),(715,'2011-04-08','2011-05-02 14:54:01',1,6985,'SEG',184,4,2011,1,100.00),(716,'2011-04-08','2011-05-02 14:54:44',1,6986,'SEG',182,4,2011,1,100.00),(717,'2011-04-08','2011-05-02 14:55:50',1,6987,'SEG',205,4,2011,1,100.00),(718,'2011-04-08','2011-05-02 14:56:48',1,6988,'SEG',161,3,2011,1,50.00),(719,'2011-04-08','2011-05-02 14:57:36',1,6989,'SEG',161,4,2011,1,100.00),(720,'2011-04-08','2011-05-02 14:58:28',1,6990,'SEG',167,4,2011,1,100.00),(721,'2011-04-08','2011-05-02 15:01:00',1,6991,'SEG',168,4,2011,1,100.00),(722,'2011-04-08','2011-05-02 21:51:16',1,6992,'SEG',153,3,2011,1,150.00),(723,'2011-04-08','2011-05-02 21:52:54',1,6994,'SEG',258,4,2011,1,150.00),(724,'2011-04-09','2011-05-02 21:53:53',1,6995,'SEG',206,4,2011,1,150.00),(725,'2011-04-09','2011-05-02 21:54:56',1,6996,'SEG',284,3,2011,1,150.00),(726,'2011-04-09','2011-05-02 21:55:27',1,6997,'SEG',284,4,2011,1,150.00),(727,'2011-04-09','2011-05-02 21:56:25',1,6998,'SEG',228,4,2011,1,150.00),(728,'2011-04-09','2011-05-02 21:57:27',1,6999,'SEG',287,4,2011,1,100.00),(729,'2011-04-09','2011-05-02 21:59:13',1,7000,'SEG',199,4,2011,1,150.00),(730,'2011-04-10','2011-05-02 22:10:22',1,7026,'SEG',82,4,2011,1,150.00),(731,'2011-04-10','2011-05-02 22:11:28',1,7027,'SEG',62,4,2011,1,150.00),(732,'2011-04-10','2011-05-02 22:12:26',1,7028,'SEG',79,3,2011,1,150.00),(733,'2011-04-10','2011-05-02 22:13:26',1,7029,'SEG',23,4,2011,1,150.00),(734,'2011-04-10','2011-05-02 22:14:08',1,7030,'SEG',22,4,2011,1,150.00),(735,'2011-04-10','2011-05-02 22:15:05',1,7031,'SEG',63,4,2011,1,150.00),(736,'2011-04-10','2011-05-02 22:16:09',1,7032,'SEG',143,4,2011,1,150.00),(737,'2011-04-10','2011-05-02 22:17:03',1,7033,'SEG',46,4,2011,1,150.00),(738,'2011-04-13','2011-05-02 22:21:25',1,7034,'SEG',57,4,2011,1,150.00),(739,'2011-04-10','2011-05-02 22:22:33',1,7035,'SEG',296,4,2011,1,100.00),(740,'2011-04-14','2011-05-02 22:23:38',1,7036,'SEG',98,4,2011,1,150.00),(741,'2011-04-14','2011-05-02 22:25:08',1,7037,'SEG',75,3,2011,1,150.00),(742,'2011-04-15','2011-05-02 22:26:04',1,7038,'SEG',215,4,2011,1,150.00),(743,'2011-04-15','2011-05-02 22:27:16',1,7039,'SEG',282,4,2011,1,50.00),(744,'2011-04-15','2011-05-02 22:28:22',1,7040,'SEG',74,3,2011,1,100.00),(745,'2011-04-16','2011-05-02 23:29:52',1,7041,'SEG',69,4,2011,1,150.00),(746,'2011-04-16','2011-05-02 23:32:01',1,7042,'SEG',94,4,2011,1,150.00),(747,'2011-04-16','2011-05-02 23:33:22',1,7043,'SEG',113,4,2011,1,100.00),(748,'2011-04-16','2011-05-02 23:34:44',1,7044,'SEG',297,4,2011,1,150.00),(749,'2011-04-16','2011-05-02 23:36:12',1,7045,'SEG',11,4,2011,1,100.00),(750,'2011-04-16','2011-05-02 23:37:19',1,7046,'SEG',70,4,2011,1,150.00),(751,'2011-04-16','2011-05-02 23:38:16',1,7047,'SEG',236,4,2011,1,100.00),(752,'2011-04-16','2011-05-02 23:40:21',1,7048,'SEG',146,2,2011,1,150.00),(753,'2011-04-17','2011-05-02 23:41:32',1,7049,'SEG',132,4,2011,1,100.00),(754,'2011-04-17','2011-05-02 23:43:10',1,7050,'SEG',111,4,2011,1,150.00),(755,'2011-04-07','2011-05-03 14:23:57',1,6901,'SEG',298,1,2011,1,150.00),(756,'2011-04-07','2011-05-03 14:25:03',1,6902,'SEG',289,4,2011,1,150.00),(757,'2011-04-07','2011-05-03 14:26:00',1,6903,'SEG',13,4,2011,1,150.00),(758,'2011-04-07','2011-05-03 14:27:54',1,6905,'SEG',24,4,2011,1,80.00),(759,'2011-04-09','2011-05-03 14:29:31',1,6906,'SEG',45,4,2011,1,150.00),(760,'2011-04-08','2011-05-03 14:30:42',1,6907,'SEG',12,4,2011,1,100.00),(761,'2011-04-08','2011-05-03 14:31:55',1,6908,'SEG',125,4,2011,1,150.00),(762,'2011-04-09','2011-05-03 14:35:42',1,6911,'SEG',76,4,2011,1,150.00),(763,'2011-04-09','2011-05-03 17:15:17',1,6913,'SEG',275,4,2011,1,100.00),(764,'2011-04-09','2011-05-03 17:16:41',1,6914,'SEG',89,4,2011,1,150.00),(765,'2011-04-09','2011-05-03 17:18:01',1,6915,'SEG',106,4,2011,1,100.00),(766,'2011-04-09','2011-05-03 17:19:24',1,6916,'SEG',53,4,2011,1,150.00),(767,'2011-04-09','2011-05-03 17:20:32',1,6917,'SEG',87,4,2011,1,150.00),(768,'2011-04-09','2011-05-03 17:21:42',1,6918,'SEG',112,4,2011,1,100.00),(769,'2011-04-09','2011-05-03 17:23:14',1,6919,'SEG',299,4,2011,1,100.00),(770,'2011-04-11','2011-05-03 17:24:12',1,6920,'SEG',44,4,2011,1,100.00),(771,'2011-04-12','2011-05-03 17:26:32',1,6922,'SEG',300,4,2011,1,150.00),(772,'2011-04-12','2011-05-03 17:28:05',1,6923,'SEG',102,3,2011,1,150.00),(773,'2011-04-12','2011-05-03 17:29:24',1,6924,'SEG',58,4,2011,1,100.00),(774,'2011-01-07','2011-05-04 21:59:31',1,6276,'MON',13,1,2011,1,55.00),(775,'2011-03-18','2011-05-07 23:01:22',1,6704,'MON',101,3,2011,1,55.00),(778,'2011-03-02','2011-05-07 23:04:17',1,6551,'MON',19,3,2011,1,55.00),(780,'2011-03-05','2011-05-07 23:06:49',1,6574,'MON',42,3,2011,1,55.00),(781,'2011-02-12','2011-05-07 23:08:56',1,6213,'SEG',149,2,2011,1,150.00),(783,'2011-03-24','2011-05-07 23:11:37',1,6730,'MON',20,2,2011,1,55.00),(784,'2011-03-26','2011-05-07 23:12:17',1,6732,'MON',99,3,2011,1,55.00),(785,'2011-03-29','2011-05-07 23:15:25',1,6738,'MON',93,4,2011,1,55.00),(786,'2011-04-03','2011-05-07 23:16:38',1,6739,'MON',99,4,2011,1,55.00),(787,'2011-04-08','2011-05-07 23:20:15',1,6993,'MON',153,3,2011,1,60.00),(788,'2011-04-07','2011-05-07 23:23:11',1,6904,'MON',13,4,2011,1,55.00),(789,'2011-04-09','2011-05-07 23:25:05',1,6909,'MON',45,4,2011,1,55.00),(790,'2011-04-09','2011-05-07 23:26:10',1,6912,'MON',76,3,2011,1,65.00),(791,'2011-04-11','2011-05-07 23:27:13',1,6921,'MON',44,4,2011,1,55.00),(792,'2011-04-12','2011-05-07 23:28:12',1,6925,'MON',58,4,2011,1,55.00),(793,'2011-03-07','2011-05-07 23:31:33',1,6577,'MON',58,3,2011,1,55.00),(794,'2011-03-07','2011-05-07 23:32:56',1,6580,'MON',13,3,2011,1,55.00),(795,'2011-03-09','2011-05-07 23:33:53',1,6585,'MON',127,3,2011,1,55.00),(796,'2011-03-09','2011-05-07 23:34:40',1,6588,'MON',45,3,2011,1,55.00),(797,'2011-03-09','2011-05-07 23:35:44',1,6592,'MON',20,3,2011,1,50.00),(798,'2011-03-10','2011-05-07 23:36:54',1,6598,'MON',17,3,2011,1,75.00),(799,'2011-01-10','2011-05-07 23:39:09',1,6007,'MON',265,1,2011,1,75.00),(800,'2011-02-12','2011-05-07 23:40:47',1,6403,'MON',58,2,2011,1,55.00),(801,'2011-02-14','2011-05-07 23:42:49',1,6454,'MON',93,2,2011,1,55.00),(802,'2011-03-10','2011-05-07 23:49:21',1,6616,'MON',44,3,2011,1,55.00),(803,'2011-03-02','2011-05-08 19:16:54',1,6497,'MON',153,2,2011,1,60.00),(804,'2011-01-08','2011-05-08 19:25:42',1,6277,'MON',30,12,2010,1,50.00),(805,'2011-01-08','2011-05-08 19:26:26',1,6278,'MON',19,1,2011,1,55.00),(806,'2011-01-08','2011-05-08 19:27:10',1,6279,'MON',20,1,2011,1,55.00),(807,'2011-01-04','2011-05-08 19:27:57',1,6280,'MON',37,1,2011,1,55.00),(808,'2011-01-04','2011-05-08 19:28:46',1,6281,'MON',42,1,2011,1,55.00),(809,'2011-01-06','2011-05-08 19:29:30',1,6282,'MON',44,1,2011,1,55.00),(810,'2011-01-06','2011-05-08 19:30:11',1,6283,'MON',45,1,2011,1,55.00),(811,'2011-01-10','2011-05-08 19:31:00',1,6284,'MON',265,1,2011,1,150.00),(812,'2011-01-10','2011-05-08 19:31:49',1,6285,'MON',265,1,2011,1,75.00),(813,'2011-01-10','2011-05-08 19:32:29',1,6286,'MON',58,1,2011,1,55.00),(814,'2011-01-13','2011-05-08 19:33:11',1,6287,'MON',76,1,2011,1,65.00),(815,'2011-01-22','2011-05-08 19:33:54',1,6288,'MON',83,1,2011,1,55.00),(816,'2011-02-05','2011-05-08 19:34:38',1,6289,'MON',42,2,2011,1,55.00),(817,'2011-02-09','2011-05-08 19:35:29',1,6290,'MON',17,2,2011,1,150.00),(818,'2011-02-10','2011-05-08 19:36:08',1,6291,'MON',76,2,2011,1,65.00),(819,'2011-02-05','2011-05-08 19:36:51',1,6292,'MON',127,2,2011,1,55.00),(820,'2011-02-06','2011-05-08 19:37:32',1,6293,'MON',13,2,2011,1,55.00),(821,'2011-02-08','2011-05-08 19:38:08',1,6294,'MON',19,2,2011,1,55.00),(822,'2011-02-08','2011-05-08 19:38:53',1,6295,'MON',37,2,2011,1,55.00),(823,'2011-02-08','2011-05-08 19:39:38',1,6296,'MON',44,2,2011,1,55.00),(824,'2011-02-14','2011-05-08 19:40:19',1,6297,'MON',93,1,2011,1,55.00),(825,'2011-02-05','2011-05-08 19:40:54',1,6298,'MON',99,2,2011,1,55.00),(826,'2011-02-05','2011-05-08 19:42:10',1,6299,'MON',101,2,2011,1,55.00),(827,'2011-02-05','2011-05-08 19:43:00',1,6300,'MON',45,2,2011,1,55.00),(828,'2011-04-06','2011-05-08 19:51:45',1,6926,'SEG',37,4,2011,1,150.00),(829,'2011-04-06','2011-05-08 19:52:53',1,6927,'MON',37,4,2011,1,55.00),(830,'2011-04-06','2011-05-09 00:36:58',1,6928,'SEG',135,4,2011,1,150.00),(831,'2011-04-06','2011-05-09 00:38:17',1,6929,'SEG',119,4,2011,1,150.00),(832,'2011-04-06','2011-05-09 00:39:25',1,6930,'SEG',8,4,2011,1,100.00),(833,'2011-04-06','2011-05-09 00:40:21',1,6931,'SEG',66,4,2011,1,100.00),(834,'2011-04-06','2011-05-09 00:41:33',1,6932,'SEG',147,4,2011,1,100.00),(835,'2011-04-06','2011-05-09 00:42:30',1,6933,'SEG',5,4,2011,1,100.00),(836,'2011-04-06','2011-05-09 00:43:23',1,6934,'SEG',67,4,2011,1,100.00),(837,'2011-04-06','2011-05-09 22:55:27',1,6935,'SEG',56,4,2011,1,150.00),(838,'2011-04-06','2011-05-09 22:56:33',1,6936,'SEG',34,4,2011,1,150.00),(839,'2011-04-06','2011-05-09 22:57:37',1,6937,'SEG',10,4,2011,1,150.00),(840,'2011-04-06','2011-05-09 22:58:40',1,6938,'SEG',103,4,2011,1,100.00),(841,'2011-04-06','2011-05-09 23:00:00',1,6939,'SEG',31,4,2011,1,150.00),(842,'2011-04-06','2011-05-09 23:01:54',1,6940,'SEG',301,4,2011,1,150.00),(843,'2011-04-06','2011-05-09 23:03:20',1,6941,'SEG',128,4,2011,1,100.00),(844,'2011-04-06','2011-05-09 23:04:49',1,6942,'SEG',140,4,2011,1,100.00),(845,'2011-04-06','2011-05-09 23:06:55',1,6943,'SEG',32,3,2011,1,80.00),(846,'2011-04-06','2011-05-09 23:08:26',1,6944,'SEG',127,4,2011,1,150.00),(847,'2011-04-06','2011-05-09 23:10:10',1,6945,'SEG',253,4,2011,1,150.00),(848,'2011-04-06','2011-05-09 23:11:05',1,6946,'MON',253,4,2011,1,75.00),(849,'2011-04-07','2011-05-09 23:13:31',1,6947,'SEG',137,3,2011,1,150.00),(850,'2011-04-07','2011-05-09 23:14:41',1,6948,'SEG',137,4,2011,1,150.00),(851,'2011-04-07','2011-05-09 23:16:01',1,6949,'SEG',105,4,2011,1,150.00),(852,'2011-04-09','2011-05-09 23:18:33',1,6950,'MON',127,4,2011,1,55.00),(853,'2011-04-09','2011-05-10 10:22:56',1,6951,'SEG',158,4,2011,1,150.00),(854,'2011-04-09','2011-05-10 10:23:46',1,6952,'SEG',163,4,2011,1,150.00),(855,'2011-04-09','2011-05-10 10:24:51',1,6953,'SEG',204,4,2011,1,70.00),(856,'2011-04-09','2011-05-10 10:25:51',1,6954,'SEG',210,4,2011,1,150.00),(857,'2011-04-09','2011-05-10 10:26:35',1,6955,'SEG',208,4,2011,1,150.00),(858,'2011-04-09','2011-05-10 10:27:27',1,6956,'SEG',233,4,2011,1,150.00),(859,'2011-04-09','2011-05-10 10:28:40',1,6957,'SEG',202,4,2011,1,150.00),(860,'2011-04-09','2011-05-10 10:29:36',1,6958,'SEG',231,4,2011,1,100.00),(861,'2011-04-24','2011-05-10 10:31:28',1,6959,'SEG',191,4,2011,1,120.00),(862,'2011-04-25','2011-05-10 10:32:35',1,6960,'SEG',193,4,2011,1,125.00),(863,'2011-04-25','2011-05-10 10:33:44',1,6961,'SEG',256,4,2011,1,100.00),(864,'2011-04-25','2011-05-10 10:34:41',1,6962,'SEG',194,4,2011,1,100.00),(865,'2011-04-25','2011-05-10 10:35:30',1,6963,'SEG',189,4,2011,1,100.00),(866,'2011-04-25','2011-05-10 10:36:19',1,6964,'SEG',235,4,2011,1,100.00),(867,'2011-04-27','2011-05-10 10:37:11',1,6965,'SEG',201,4,2011,1,150.00),(868,'2011-04-27','2011-05-10 10:38:10',1,6966,'SEG',216,2,2011,1,150.00),(869,'2011-04-27','2011-05-10 10:38:42',1,6967,'SEG',216,4,2011,1,150.00),(870,'2011-05-05','2011-05-15 10:55:22',1,7126,'MON',44,5,2011,1,55.00),(871,'2011-05-05','2011-05-15 10:57:04',1,7127,'SEG',123,4,2011,1,150.00),(872,'2011-05-05','2011-05-15 10:58:02',1,7128,'MON',123,5,2011,1,75.00),(873,'2011-05-05','2011-05-15 11:00:45',1,7129,'MON',45,5,2011,1,55.00),(874,'2011-05-06','2011-05-15 11:02:10',1,7130,'SEG',206,5,2011,1,150.00),(875,'2011-05-06','2011-05-15 11:03:22',1,7131,'SEG',47,5,2011,1,150.00),(876,'2011-05-06','2011-05-15 11:04:43',1,7132,'SEG',46,5,2011,1,150.00),(877,'2011-05-06','2011-05-15 11:07:09',1,7133,'SEG',50,5,2011,1,80.00),(878,'2011-05-06','2011-05-15 11:11:37',1,7134,'SEG',74,4,2011,1,100.00),(879,'2011-05-07','2011-05-15 11:18:30',1,7135,'MON',13,5,2011,1,55.00),(880,'2011-05-07','2011-05-15 11:20:15',1,7136,'SEG',130,5,2011,1,150.00),(881,'2011-05-07','2011-05-15 11:23:29',1,7137,'SEG',29,5,2011,1,150.00),(882,'2011-05-07','2011-05-15 11:26:13',1,7138,'MON',93,5,2011,1,55.00),(883,'2011-05-07','2011-05-15 11:29:30',1,7139,'SEG',99,5,2011,1,150.00),(884,'2011-05-07','2011-05-15 11:30:57',1,7140,'SEG',3,4,2011,1,150.00),(885,'2011-05-07','2011-05-15 11:32:16',1,7141,'SEG',100,5,2011,1,150.00),(886,'2011-05-07','2011-05-15 11:34:17',1,7142,'SEG',138,5,2011,1,150.00),(887,'2011-05-08','2011-05-15 11:35:20',1,7143,'MON',99,5,2011,1,55.00),(888,'2011-05-08','2011-05-15 11:36:43',1,7144,'SEG',53,5,2011,1,150.00),(889,'2011-05-08','2011-05-15 11:37:39',1,7145,'SEG',106,5,2011,1,100.00),(890,'2011-05-08','2011-05-15 11:38:44',1,7146,'SEG',61,5,2011,1,100.00),(891,'2011-05-08','2011-05-15 11:40:03',1,7147,'SEG',287,5,2011,1,150.00),(892,'2011-05-08','2011-05-15 11:41:46',1,7148,'SEG',199,5,2011,1,150.00),(893,'2011-05-08','2011-05-15 11:43:52',1,7149,'SEG',221,5,2011,1,100.00),(894,'2011-05-08','2011-05-15 11:45:58',1,7150,'SEG',203,5,2011,1,150.00),(895,'2011-03-16','2011-05-15 11:49:13',1,6301,'SEG',83,3,2011,1,100.00),(896,'2011-03-16','2011-05-15 11:49:57',1,6302,'MON',83,3,2011,1,60.00),(897,'2011-03-16','2011-05-15 11:52:32',1,6303,'SEG',255,3,2011,1,150.00),(898,'2011-03-19','2011-05-15 11:54:00',1,6304,'SEG',250,3,2011,1,150.00),(899,'2011-03-21','2011-05-15 11:55:16',1,6305,'SEG',251,3,2011,1,100.00),(900,'2011-03-21','2011-05-17 17:14:06',1,6306,'SEG',152,3,2011,1,150.00),(901,'2011-04-02','2011-05-17 17:15:18',1,6307,'SEG',295,4,2011,1,100.00),(902,'2011-04-02','2011-05-17 17:16:21',1,6308,'SEG',303,4,2011,1,100.00),(903,'2011-04-05','2011-05-17 17:17:30',1,6309,'SEG',255,4,2011,1,100.00),(904,'2011-04-06','2011-05-17 17:18:29',1,6310,'SEG',252,4,2011,1,100.00),(905,'2011-04-06','2011-05-17 17:19:16',1,6311,'SEG',257,4,2011,1,100.00),(906,'2011-04-08','2011-05-17 17:20:25',1,6312,'SEG',245,4,2011,1,100.00),(907,'2011-04-08','2011-05-17 17:21:20',1,6313,'SEG',242,4,2011,1,100.00),(908,'2011-04-11','2011-05-17 17:22:29',1,6314,'SEG',304,4,2011,1,150.00),(909,'2011-04-12','2011-05-17 17:23:59',1,6315,'SEG',248,4,2011,1,100.00),(910,'2011-04-12','2011-05-17 17:25:03',1,6316,'SEG',305,4,2011,1,80.00),(911,'2011-04-12','2011-05-17 17:26:26',1,6317,'SEG',273,4,2011,1,100.00),(912,'2011-04-13','2011-05-17 17:27:24',1,6318,'SEG',306,4,2011,1,100.00),(913,'2011-04-19','2011-05-17 17:29:31',1,6319,'SEG',307,2,2011,1,150.00),(914,'2011-04-19','2011-05-17 17:30:27',1,6320,'SEG',308,4,2011,1,100.00),(915,'2011-04-19','2011-05-17 17:32:25',1,6321,'SEG',241,3,2011,1,150.00),(916,'2011-04-20','2011-05-17 17:33:05',1,6322,'SEG',241,4,2011,1,150.00),(917,'2011-04-23','2011-05-17 17:34:44',1,6323,'SEG',309,5,2011,1,80.00),(918,'2011-04-23','2011-05-17 17:35:36',1,6324,'SEG',250,4,2011,1,150.00),(919,'2011-04-28','2011-05-17 17:36:55',1,6325,'SEG',309,4,2011,1,80.00),(920,'2011-03-16','2011-05-17 18:14:08',1,6376,'SEG',93,3,2011,1,150.00),(921,'2011-03-16','2011-05-17 18:14:59',1,6377,'MON',93,3,2011,1,55.00),(922,'2011-03-26','2011-05-17 18:19:42',1,6378,'SEG',310,4,2011,1,100.00),(923,'2011-03-26','2011-05-17 18:20:28',1,6379,'SEG',260,3,2011,1,150.00),(924,'2011-03-26','2011-05-17 18:21:22',1,6380,'SEG',266,3,2011,1,150.00),(925,'2011-03-31','2011-05-17 18:22:13',1,6381,'SEG',262,3,2011,1,100.00),(926,'2011-04-05','2011-05-17 18:23:05',1,6382,'SEG',249,4,2011,1,150.00),(927,'2011-04-05','2011-05-17 18:23:49',1,6383,'SEG',267,3,2011,1,150.00),(928,'2011-04-06','2011-05-17 18:24:16',1,6384,'SEG',263,4,2011,1,100.00),(929,'2011-04-07','2011-05-17 18:26:12',1,6385,'SEG',311,4,2011,1,150.00),(930,'2011-04-06','2011-05-17 18:26:52',1,6386,'SEG',265,4,2011,1,150.00),(931,'2011-04-07','2011-05-17 18:27:43',1,6387,'SEG',268,4,2011,1,100.00),(932,'2011-04-08','2011-05-17 18:28:31',1,6388,'SEG',269,4,2011,1,150.00),(933,'2011-04-08','2011-05-17 18:29:36',1,6389,'SEG',266,4,2011,1,150.00),(934,'2011-04-09','2011-05-17 18:30:53',1,6390,'SEG',312,4,2011,1,100.00),(935,'2011-04-09','2011-05-17 18:31:32',1,6391,'SEG',264,4,2011,1,150.00),(936,'2011-04-09','2011-05-17 18:32:04',1,6392,'SEG',260,4,2011,1,150.00),(937,'2011-04-30','2011-05-17 18:32:38',1,6393,'SEG',264,5,2011,1,150.00),(938,'2011-05-03','2011-05-17 18:33:13',1,6394,'SEG',267,5,2011,1,150.00),(939,'2011-05-05','2011-05-17 18:52:15',1,6395,'SEG',249,5,2011,1,150.00),(940,'2011-05-05','2011-05-17 18:54:12',1,6396,'SEG',313,5,2011,1,150.00),(941,'2011-05-06','2011-05-17 18:54:49',1,6398,'SEG',311,5,2011,1,150.00),(942,'2011-05-06','2011-05-17 18:55:28',1,6397,'SEG',268,5,2011,1,100.00),(943,'2011-05-09','2011-05-17 18:56:29',1,6399,'SEG',265,5,2011,1,150.00),(944,'2011-05-09','2011-05-17 18:57:07',1,6400,'SEG',266,5,2011,1,150.00),(945,'2011-03-30','2011-05-17 21:20:52',1,6684,'SEG',232,3,2011,1,50.00),(946,'2011-03-02','2011-05-17 21:22:49',1,6679,'SEG',314,3,2011,1,0.00),(947,'2011-04-27','2011-05-17 23:53:08',1,7101,'SEG',102,4,2011,1,150.00),(948,'2011-04-27','2011-05-17 23:55:21',1,7102,'SEG',237,3,2011,1,150.00),(949,'2011-04-28','2011-05-17 23:57:08',1,7103,'MON',83,4,2011,1,55.00),(950,'2011-05-02','2011-05-17 23:58:29',1,7104,'SEG',150,3,2011,1,150.00),(951,'2011-05-03','2011-05-17 23:59:08',1,7105,'SEG',9,5,2011,1,150.00),(952,'2011-05-03','2011-05-17 23:59:54',1,7106,'SEG',31,5,2011,1,150.00),(953,'2011-05-03','2011-05-18 00:00:32',1,7107,'SEG',166,5,2011,1,100.00),(954,'2011-05-02','2011-05-18 00:01:19',1,7108,'SEG',62,5,2011,1,150.00),(955,'2011-05-02','2011-05-18 00:01:57',1,7109,'SEG',259,5,2011,1,150.00),(956,'2011-05-02','2011-05-18 00:02:48',1,7110,'SEG',63,5,2011,1,150.00),(957,'2011-05-03','2011-05-18 00:03:31',1,7111,'SEG',73,4,2011,1,150.00),(958,'2011-05-03','2011-05-18 00:04:10',1,7112,'SEG',289,5,2011,1,150.00),(959,'2011-05-03','2011-05-18 00:05:17',1,7113,'SEG',253,5,2011,1,150.00),(960,'2011-05-03','2011-05-18 00:06:04',1,7114,'MON',253,5,2011,1,75.00),(961,'2011-05-04','2011-05-18 00:06:54',1,7115,'SEG',88,5,2011,1,150.00),(962,'2011-05-04','2011-05-18 00:07:48',1,7116,'SEG',54,5,2011,1,150.00),(963,'2011-05-04','2011-05-18 00:08:24',1,7117,'SEG',89,5,2011,1,150.00),(964,'2011-05-04','2011-05-18 00:09:08',1,7118,'SEG',91,5,2011,1,100.00),(965,'2011-05-04','2011-05-18 00:10:09',1,7119,'SEG',188,5,2011,1,100.00),(966,'2011-05-04','2011-05-18 00:11:01',1,7120,'SEG',235,5,2011,1,150.00),(967,'2011-05-04','2011-05-18 00:12:28',1,7121,'MON',42,5,2011,1,75.00),(968,'2011-05-04','2011-05-18 00:13:10',1,7122,'SEG',284,5,2011,1,150.00),(969,'2011-05-04','2011-05-18 00:14:01',1,7123,'SEG',202,5,2011,1,150.00),(970,'2011-05-04','2011-05-18 00:14:41',1,7124,'SEG',177,5,2011,1,150.00),(971,'2011-05-04','2011-05-18 00:15:25',1,7125,'SEG',18,5,2011,1,150.00),(972,'2011-04-09','2011-05-18 00:16:33',1,7001,'SEG',131,4,2011,1,150.00),(973,'2011-04-13','2011-05-18 00:19:43',1,7002,'SEG',104,4,2011,1,150.00),(974,'2011-04-13','2011-05-18 00:20:20',1,7003,'SEG',108,4,2011,1,100.00),(975,'2011-04-13','2011-05-18 00:20:56',1,7004,'SEG',259,4,2011,1,150.00),(976,'2011-04-14','2011-05-18 00:21:45',1,7005,'SEG',281,4,2011,1,150.00),(977,'2011-04-14','2011-05-18 00:22:34',1,7006,'SEG',136,4,2011,1,150.00),(978,'2011-04-13','2011-05-18 00:23:13',1,7007,'SEG',17,4,2011,1,100.00),(979,'2011-04-14','2011-05-18 00:23:48',1,7008,'MON',17,4,2011,1,75.00),(980,'2011-04-14','2011-05-18 00:24:28',1,7009,'SEG',15,4,2011,1,150.00),(981,'2011-04-16','2011-05-18 00:25:08',1,7010,'SEG',19,4,2011,1,150.00),(982,'2011-04-16','2011-05-18 00:25:47',1,7011,'MON',19,4,2011,1,55.00),(983,'2011-04-16','2011-05-18 00:26:24',1,7012,'SEG',139,3,2011,1,100.00),(984,'2011-04-16','2011-05-18 00:27:20',1,7013,'SEG',139,4,2011,1,150.00),(985,'2011-04-17','2011-05-18 00:27:57',1,7014,'SEG',54,4,2011,1,150.00),(986,'2011-04-17','2011-05-18 00:29:11',1,7015,'SEG',238,4,2011,1,150.00),(987,'2011-04-17','2011-05-18 00:29:51',1,7016,'SEG',78,4,2011,1,150.00),(988,'2011-04-17','2011-05-18 00:30:31',1,7017,'SEG',144,4,2011,1,100.00),(989,'2011-04-17','2011-05-18 00:31:10',1,7018,'SEG',33,4,2011,1,100.00),(990,'2011-04-17','2011-05-18 00:31:50',1,7019,'SEG',25,4,2011,1,150.00),(991,'2011-04-17','2011-05-18 00:32:27',1,7020,'SEG',49,4,2011,1,150.00),(992,'2011-04-18','2011-05-18 00:33:21',1,7021,'SEG',124,3,2011,1,100.00),(993,'2011-05-18','2011-05-18 00:34:01',1,7022,'MON',124,3,2011,1,55.00),(994,'2011-04-18','2011-05-18 00:34:39',1,7023,'SEG',118,4,2011,1,150.00),(995,'2011-04-18','2011-05-18 00:35:15',1,7024,'SEG',174,4,2011,1,100.00),(996,'2011-04-19','2011-05-18 00:35:54',1,7025,'SEG',122,3,2011,1,150.00),(997,'2011-04-25','2011-05-18 00:37:01',1,7076,'SEG',80,4,2011,1,150.00),(998,'2011-04-25','2011-05-18 00:37:49',1,7077,'SEG',246,4,2011,1,100.00),(999,'2011-04-26','2011-05-18 00:38:29',1,7078,'SEG',130,4,2011,1,150.00),(1000,'2011-04-30','2011-05-18 00:39:08',1,7079,'SEG',20,4,2011,1,100.00),(1001,'2011-04-26','2011-05-18 00:40:01',1,7080,'SEG',16,4,2011,1,150.00),(1002,'2011-04-29','2011-05-18 00:40:47',1,7081,'SEG',291,3,2011,1,150.00),(1003,'2011-05-05','2011-05-18 00:41:45',1,7082,'SEG',10,5,2011,1,150.00),(1004,'2011-04-26','2011-05-18 00:44:51',1,7083,'SEG',217,4,2011,1,150.00),(1005,'2011-04-27','2011-05-18 00:45:34',1,7084,'SEG',129,4,2011,1,150.00),(1006,'2011-05-05','2011-05-18 00:46:20',1,7085,'SEG',43,5,2011,1,150.00),(1007,'2011-05-05','2011-05-18 00:47:00',1,7086,'SEG',84,5,2011,1,100.00),(1008,'2011-05-05','2011-05-18 00:48:17',1,7087,'SEG',7,5,2011,1,150.00),(1009,'2011-05-05','2011-05-18 00:48:58',1,7088,'SEG',8,5,2011,1,100.00),(1010,'2011-05-05','2011-05-18 00:51:04',1,7089,'SEG',66,5,2011,1,100.00),(1011,'2011-05-05','2011-05-18 00:52:50',1,7090,'MON',153,5,2011,1,55.00),(1012,'2011-05-05','2011-05-18 00:54:14',1,7091,'MON',37,5,2011,1,55.00),(1013,'2011-05-05','2011-05-18 00:54:57',1,7092,'SEG',231,5,2011,1,100.00),(1014,'2011-05-05','2011-05-18 00:55:40',1,7093,'SEG',21,4,2011,1,150.00),(1015,'2011-05-05','2011-05-18 00:57:02',1,7094,'MON',127,5,2011,1,55.00),(1016,'2011-05-05','2011-05-18 00:57:45',1,7095,'SEG',126,4,2011,1,150.00),(1017,'2011-05-07','2011-05-18 00:58:26',1,7096,'SEG',21,5,2011,1,150.00),(1018,'2011-05-08','2011-05-18 00:59:03',1,7097,'SEG',208,5,2011,1,150.00),(1019,'2011-05-10','2011-05-18 00:59:34',1,7098,'SEG',14,5,2011,1,150.00),(1020,'2011-05-10','2011-05-18 01:00:21',1,7099,'SEG',132,4,2011,1,100.00),(1021,'2011-05-10','2011-05-18 01:01:10',1,7100,'SEG',17,5,2011,1,100.00),(1022,'2011-04-19','2011-05-18 10:51:53',1,7051,'SEG',122,4,2011,1,150.00),(1023,'2011-05-19','2011-05-18 10:52:44',1,7052,'SEG',122,5,2011,1,150.00),(1024,'2011-01-24','2011-05-18 10:57:04',1,6526,'MON',124,12,2010,1,55.00),(1025,'2011-01-24','2011-05-18 10:57:40',1,6527,'MON',99,1,2011,1,55.00),(1026,'2011-02-06','2011-05-18 10:58:24',1,6528,'MON',153,1,2011,1,60.00),(1027,'2011-02-08','2011-05-18 10:59:01',1,6529,'MON',83,2,2011,1,60.00),(1028,'2011-02-10','2011-05-18 10:59:38',1,6530,'MON',30,1,2011,1,50.00),(1029,'2011-01-07','2011-05-18 11:00:15',1,6531,'MON',127,1,2011,1,55.00),(1030,'2011-03-07','2011-05-18 11:00:57',1,6532,'MON',124,2,2011,1,55.00),(1031,'2011-03-07','2011-05-18 11:01:48',1,6533,'MON',37,3,2011,1,55.00),(1032,'2010-12-09','2011-05-18 11:02:48',1,6534,'MON',101,12,2010,1,55.00),(1033,'2010-12-13','2011-05-18 11:04:30',1,6535,'MON',139,11,2010,1,55.00),(1034,'2011-01-24','2011-05-18 11:05:08',1,6536,'MON',124,1,2011,1,55.00),(1035,'2011-04-19','2011-05-18 11:13:04',1,7053,'SEG',101,4,2011,1,150.00),(1036,'2011-04-19','2011-05-18 11:14:37',1,7054,'MON',101,4,2011,1,55.00),(1037,'2011-04-21','2011-05-18 11:15:30',1,7055,'SEG',120,5,2011,1,150.00),(1038,'2011-04-21','2011-05-18 11:17:18',1,7056,'MON',120,5,2011,1,55.00),(1039,'2011-04-24','2011-05-18 11:18:04',1,7057,'SEG',187,4,2011,1,150.00),(1040,'2011-05-04','2011-05-18 11:19:00',1,7058,'SEG',35,4,2011,1,150.00),(1041,'2011-05-04','2011-05-18 11:19:41',1,7059,'SEG',162,5,2011,1,100.00),(1042,'2011-05-05','2011-05-18 11:20:28',1,7060,'SEG',75,4,2011,1,150.00),(1043,'2011-05-05','2011-05-18 11:21:11',1,7061,'SEG',55,5,2011,1,150.00),(1044,'2011-05-05','2011-05-18 11:21:57',1,7062,'SEG',69,5,2011,1,150.00),(1045,'2011-05-05','2011-05-18 11:22:37',1,7063,'SEG',110,5,2011,1,100.00),(1046,'2011-05-05','2011-05-18 11:23:12',1,7064,'SEG',16,5,2011,1,150.00),(1047,'2011-05-05','2011-05-18 11:24:39',1,7065,'SEG',143,5,2011,1,150.00),(1048,'2011-05-05','2011-05-18 11:25:27',1,7066,'SEG',103,5,2011,1,150.00),(1049,'2011-05-05','2011-05-18 11:26:08',1,7067,'SEG',32,5,2011,1,100.00),(1050,'2011-05-05','2011-05-18 11:27:23',1,7068,'SEG',301,5,2011,1,150.00),(1051,'2011-05-05','2011-05-18 11:28:31',1,7069,'SEG',108,5,2011,1,150.00),(1052,'2011-05-05','2011-05-18 11:30:22',1,7070,'SEG',24,5,2011,1,80.00),(1053,'2011-05-05','2011-05-18 11:31:32',1,7071,'SEG',247,4,2011,1,150.00),(1054,'2011-05-05','2011-05-18 11:32:14',1,7072,'SEG',247,5,2011,1,150.00),(1055,'2011-05-07','2011-05-18 11:32:55',1,7073,'SEG',181,5,2011,1,150.00),(1056,'2011-05-08','2011-05-18 11:34:42',1,7074,'SEG',41,5,2011,1,150.00),(1057,'2011-05-08','2011-05-18 11:35:47',1,7075,'SEG',82,5,2011,1,150.00),(1058,'2011-01-10','2011-05-19 21:40:28',1,6970,'SEG',164,1,2011,1,150.00),(1059,'2011-01-10','2011-05-19 21:41:13',1,6971,'SEG',199,1,2011,1,100.00),(1060,'2011-01-17','2011-05-19 21:42:18',1,6972,'SEG',217,1,2011,1,150.00),(1061,'2011-02-05','2011-05-19 21:42:57',1,6973,'SEG',254,2,2011,1,150.00),(1062,'2011-02-08','2011-05-19 21:43:39',1,6974,'SEG',256,2,2011,1,150.00),(1063,'2011-02-09','2011-05-19 21:44:21',1,6975,'SEG',239,2,2011,1,150.00),(1064,'2011-02-09','2011-05-19 21:46:53',1,6539,'SEG',258,2,2011,1,100.00),(1065,'2010-12-29','2011-05-19 21:47:52',1,6540,'SEG',262,1,2011,1,100.00),(1066,'2011-02-08','2011-05-19 21:49:44',1,6541,'SEG',275,2,2011,1,100.00),(1067,'2011-02-10','2011-05-19 21:50:27',1,6542,'SEG',284,2,2011,1,100.00),(1068,'2011-04-03','2011-05-19 21:51:21',1,6543,'SEG',26,4,2011,1,100.00),(1069,'2011-04-16','2011-05-19 21:52:08',1,6544,'SEG',146,3,2011,1,150.00),(1070,'2011-01-13','2011-05-19 22:01:03',1,7301,'SEG',315,1,2011,1,150.00),(1071,'2011-02-01','2011-05-19 22:01:43',1,7302,'SEG',84,2,2011,1,100.00),(1072,'2011-01-14','2011-05-19 22:02:20',1,7303,'SEG',92,1,2011,1,60.00),(1073,'2011-01-25','2011-05-19 22:03:03',1,7304,'SEG',96,1,2011,1,100.00),(1074,'2011-02-01','2011-05-19 22:03:37',1,7305,'SEG',85,2,2011,1,150.00),(1075,'2011-01-17','2011-05-19 22:04:13',1,7306,'SEG',121,2,2011,1,150.00),(1076,'2011-01-24','2011-05-19 22:05:49',1,7308,'MON',124,12,2010,1,55.00),(1077,'2011-01-24','2011-05-19 22:07:07',1,7310,'MON',124,1,2011,1,55.00),(1078,'2011-02-08','2011-05-19 22:07:42',1,7311,'SEG',129,2,2011,1,150.00),(1079,'2011-02-08','2011-05-19 22:08:16',1,7312,'SEG',130,2,2011,1,150.00),(1080,'2010-12-18','2011-05-19 22:09:31',1,7313,'SEG',140,12,2010,1,100.00),(1081,'2010-12-09','2011-05-19 22:10:51',1,7315,'SEG',146,11,2010,1,125.00),(1082,'2010-12-20','2011-05-19 22:12:02',1,7316,'SEG',150,12,2010,1,150.00),(1083,'2010-12-24','2011-05-19 22:12:53',1,7317,'SEG',151,1,2011,1,75.00),(1084,'2010-12-29','2011-05-19 22:13:36',1,7318,'SEG',26,12,2010,1,100.00),(1085,'2010-12-29','2011-05-19 22:16:35',1,7319,'SEG',26,1,2011,1,100.00),(1086,'2010-12-29','2011-05-19 22:19:13',1,7320,'SEG',1,9,2010,1,100.00),(1087,'2010-12-29','2011-05-19 22:19:48',1,7321,'SEG',1,10,2010,1,100.00),(1088,'2010-12-29','2011-05-19 22:20:20',1,7322,'SEG',1,12,2010,1,150.00),(1089,'2011-02-10','2011-05-19 22:21:10',1,7323,'SEG',172,2,2011,1,100.00),(1090,'2011-01-06','2011-05-19 22:22:02',1,7324,'SEG',181,1,2011,1,150.00),(1091,'2011-01-10','2011-05-19 22:22:37',1,7325,'SEG',193,1,2011,1,150.00),(1092,'2011-05-18','2011-05-20 00:24:38',1,7236,'MON',240,3,2011,1,50.00),(1093,'2011-05-18','2011-05-20 00:25:11',1,7237,'MON',240,4,2011,1,50.00),(1094,'2011-05-18','2011-05-20 00:26:01',1,7279,'MON',266,3,2011,1,50.00),(1095,'2011-05-18','2011-05-20 00:26:26',1,7280,'MON',266,4,2011,1,50.00),(1096,'2011-01-01','2011-05-30 19:53:54',1,5955,'SEG',314,1,2011,1,0.00),(1097,'2011-03-14','2011-05-30 19:58:43',1,6646,'SEG',314,3,2011,1,0.00),(1098,'2011-02-10','2011-05-31 01:07:06',1,6265,'MON',30,1,2011,1,50.00),(1099,'2011-02-10','2011-05-31 01:08:08',1,6267,'MON',76,2,2011,1,65.00),(1100,'2011-02-10','2011-05-31 01:08:56',1,6268,'SEG',314,2,2011,1,0.00),(1101,'2011-02-10','2011-05-31 01:09:26',1,6269,'SEG',314,2,2011,1,0.00),(1102,'2011-02-10','2011-05-31 01:10:03',1,6270,'SEG',314,2,2011,1,0.00),(1103,'2011-02-10','2011-05-31 01:10:40',1,6271,'SEG',314,2,2011,1,0.00),(1104,'2011-02-10','2011-05-31 01:11:06',1,6272,'SEG',314,2,2011,1,0.00),(1105,'2011-02-10','2011-05-31 01:11:30',1,6273,'SEG',314,2,2011,1,0.00),(1106,'2011-02-10','2011-05-31 01:11:55',1,6274,'SEG',314,2,2011,1,0.00),(1107,'2011-02-10','2011-05-31 01:12:19',1,6275,'SEG',314,2,2011,1,0.00),(1108,'2011-02-10','2011-05-31 01:17:15',1,6275,'SEG',314,2,2011,1,0.00),(1109,'2011-01-10','2011-05-31 14:46:19',1,6006,'MON',265,1,2011,1,150.00),(1110,'2011-01-10','2011-05-31 14:47:03',1,6014,'SEG',314,1,2011,1,0.00),(1111,'2011-01-10','2011-05-31 14:47:26',1,6015,'SEG',314,1,2011,1,0.00),(1112,'2011-02-05','2011-05-31 14:52:39',1,6073,'SEG',314,2,2011,1,0.00),(1113,'2011-02-05','2011-05-31 14:53:04',1,6074,'SEG',314,2,2011,1,0.00),(1114,'2011-02-05','2011-05-31 14:53:26',1,6075,'SEG',314,2,2011,1,0.00),(1115,'2011-02-15','2011-05-31 16:39:21',1,6473,'SEG',314,2,2011,1,0.00),(1116,'2011-02-15','2011-05-31 16:39:51',1,6474,'SEG',314,2,2011,1,0.00),(1117,'2011-02-15','2011-05-31 16:40:19',1,6475,'SEG',314,2,2011,1,0.00),(1118,'2011-02-14','2011-05-31 17:04:29',1,6647,'MON',120,2,2011,1,55.00),(1119,'2011-05-08','2011-05-31 17:23:38',1,7151,'SEG',316,5,2011,1,150.00),(1120,'2011-05-08','2011-05-31 17:24:30',1,7152,'SEG',149,5,2011,1,150.00),(1121,'2011-05-08','2011-05-31 17:25:14',1,7153,'SEG',190,5,2011,1,150.00),(1122,'2011-05-08','2011-05-31 17:25:54',1,7154,'SEG',191,5,2011,1,120.00),(1123,'2011-05-08','2011-05-31 17:26:45',1,7155,'SEG',285,5,2011,1,100.00),(1124,'2011-05-11','2011-05-31 17:27:30',1,7156,'SEG',185,5,2011,1,150.00),(1125,'2011-05-11','2011-05-31 17:28:03',1,7157,'SEG',184,5,2011,1,100.00),(1126,'2011-05-11','2011-05-31 17:28:54',1,7158,'SEG',182,5,2011,1,100.00),(1127,'2011-05-11','2011-05-31 17:29:25',1,7159,'SEG',109,5,2011,1,100.00),(1128,'2011-05-11','2011-05-31 17:31:02',1,7160,'SEG',281,5,2011,1,150.00),(1129,'2011-05-11','2011-05-31 17:31:54',1,7161,'SEG',167,5,2011,1,150.00),(1130,'2011-05-11','2011-05-31 17:32:43',1,7162,'SEG',168,5,2011,1,150.00),(1131,'2011-05-14','2011-05-31 17:33:20',1,7163,'SEG',140,5,2011,1,100.00),(1132,'2011-05-14','2011-05-31 18:07:58',1,7164,'SEG',141,5,2011,1,100.00),(1133,'2011-05-14','2011-05-31 18:08:41',1,7165,'SEG',113,5,2011,1,100.00),(1134,'2011-05-14','2011-05-31 18:09:22',1,7166,'SEG',67,5,2011,1,100.00),(1135,'2011-05-14','2011-05-31 18:10:08',1,7167,'SEG',68,5,2011,1,150.00),(1136,'2011-05-14','2011-05-31 18:10:47',1,7168,'SEG',137,5,2011,1,150.00),(1137,'2011-05-14','2011-05-31 18:11:31',1,7169,'SEG',56,5,2011,1,150.00),(1138,'2011-05-17','2011-05-31 18:12:09',1,7170,'SEG',215,5,2011,1,150.00),(1139,'2011-05-17','2011-05-31 18:13:01',1,7171,'SEG',36,5,2011,1,150.00),(1140,'2011-05-14','2011-05-31 18:13:53',1,7172,'SEG',76,5,2011,1,150.00),(1141,'2011-05-19','2011-05-31 18:14:41',1,7173,'SEG',232,5,2011,1,150.00),(1142,'2011-05-23','2011-05-31 18:15:34',1,7174,'SEG',129,5,2011,1,150.00),(1143,'2011-05-23','2011-05-31 18:16:08',1,7175,'SEG',314,5,2011,1,0.00),(1144,'2011-05-09','2011-05-31 18:20:21',1,7176,'SEG',57,5,2011,1,150.00),(1145,'2011-05-09','2011-05-31 18:27:05',1,7177,'SEG',131,5,2011,1,150.00),(1146,'2011-05-09','2011-05-31 18:28:39',1,7178,'MON',58,5,2011,1,55.00),(1147,'2011-05-10','2011-05-31 18:29:41',1,7179,'MON',101,5,2011,1,55.00),(1148,'2011-05-10','2011-05-31 18:30:57',1,7180,'SEG',72,5,2011,1,100.00),(1149,'2011-04-27','2011-05-31 22:02:17',1,6968,'SEG',228,4,2011,1,120.00),(1150,'2011-04-27','2011-05-31 22:04:34',1,6969,'SEG',284,4,2011,1,150.00),(1151,'2011-05-10','2011-06-04 19:39:09',1,7182,'SEG',119,5,2011,1,150.00),(1152,'2011-05-10','2011-06-04 19:40:39',1,7183,'SEG',318,5,2011,1,100.00),(1153,'2011-05-10','2011-06-04 19:41:17',1,7184,'SEG',5,5,2011,1,100.00),(1154,'2011-05-10','2011-06-04 19:41:53',1,7185,'SEG',293,5,2011,1,100.00),(1155,'2011-05-10','2011-06-04 19:42:25',1,7186,'SEG',314,5,2011,1,0.00),(1156,'2011-05-10','2011-06-04 19:43:03',1,7187,'SEG',104,5,2011,1,150.00),(1157,'2011-05-10','2011-06-04 19:44:24',1,7189,'SEG',34,5,2011,1,150.00),(1158,'2011-05-11','2011-06-04 19:45:03',1,7190,'SEG',258,5,2011,1,150.00),(1159,'2011-05-11','2011-06-04 19:46:19',1,7191,'SEG',319,5,2011,1,50.00),(1160,'2011-05-11','2011-06-04 19:46:56',1,7192,'SEG',121,5,2011,1,150.00),(1161,'2011-05-11','2011-06-04 19:48:37',1,7193,'SEG',71,4,2011,1,150.00),(1162,'2011-05-11','2011-06-04 19:49:26',1,7194,'SEG',180,5,2011,1,100.00),(1163,'2011-05-13','2011-06-04 19:50:44',1,7196,'SEG',81,5,2011,1,150.00),(1164,'2011-05-14','2011-06-04 19:51:50',1,7197,'SEG',169,5,2011,1,50.00),(1165,'2011-05-14','2011-06-04 19:52:38',1,7198,'SEG',22,5,2011,1,150.00),(1166,'2011-05-14','2011-06-04 19:53:11',1,7199,'SEG',23,5,2011,1,150.00),(1167,'2011-05-14','2011-06-04 19:53:45',1,7200,'SEG',79,5,2011,1,150.00),(1168,'2011-05-14','2011-06-04 20:06:20',1,7251,'SEG',134,5,2011,1,100.00),(1169,'2011-05-12','2011-06-04 20:07:01',1,7252,'SEG',218,4,2011,1,100.00),(1170,'2011-05-12','2011-06-04 20:07:43',1,7253,'SEG',218,5,2011,1,100.00),(1171,'2011-05-12','2011-06-04 20:08:18',1,7254,'SEG',83,5,2011,1,100.00),(1172,'2011-05-12','2011-06-04 20:09:12',1,7255,'MON',83,5,2011,1,55.00),(1173,'2011-05-12','2011-06-04 20:09:48',1,7256,'SEG',204,5,2011,1,100.00),(1174,'2011-05-12','2011-06-04 20:11:48',1,7257,'SEG',320,5,2011,1,100.00),(1175,'2011-05-12','2011-06-04 20:12:24',1,7258,'SEG',164,5,2011,1,100.00),(1176,'2011-05-12','2011-06-04 20:12:59',1,7259,'SEG',174,5,2011,1,100.00),(1177,'2011-05-12','2011-06-04 20:13:33',1,7260,'SEG',197,5,2011,1,100.00),(1178,'2011-05-12','2011-06-04 20:14:17',1,7261,'SEG',288,5,2011,1,100.00),(1179,'2011-05-12','2011-06-04 20:14:54',1,7262,'SEG',194,5,2011,1,100.00),(1180,'2011-05-12','2011-06-04 20:15:30',1,7263,'SEG',286,5,2011,1,100.00),(1181,'2011-05-12','2011-06-04 20:16:09',1,7264,'SEG',175,5,2011,1,100.00),(1182,'2011-05-12','2011-06-04 20:17:03',1,7265,'SEG',189,5,2011,1,100.00),(1183,'2011-05-12','2011-06-04 20:18:59',1,7266,'SEG',321,1,2011,1,100.00),(1184,'2011-05-12','2011-06-04 20:19:26',1,7267,'SEG',321,2,2011,1,100.00),(1185,'2011-05-12','2011-06-04 20:19:57',1,7268,'SEG',321,3,2011,1,100.00),(1186,'2011-05-12','2011-06-04 20:20:27',1,7269,'SEG',321,4,2011,1,100.00),(1187,'2011-05-12','2011-06-04 20:20:57',1,7270,'SEG',321,5,2011,1,150.00),(1188,'2011-05-12','2011-06-04 20:21:38',1,7271,'SEG',314,5,2011,1,0.00),(1189,'2011-05-12','2011-06-04 20:22:26',1,7272,'SEG',219,4,2011,1,100.00),(1190,'2011-05-12','2011-06-04 20:23:55',1,7273,'SEG',322,5,2011,1,150.00),(1191,'2011-05-14','2011-06-04 20:24:52',1,7274,'SEG',224,5,2011,1,150.00),(1192,'2011-05-14','2011-06-04 20:25:35',1,7275,'SEG',87,5,2011,1,150.00),(1193,'2011-01-10','2011-06-04 20:32:18',1,7401,'SEG',172,12,2010,1,100.00),(1194,'2011-04-27','2011-06-04 20:32:56',1,7402,'SEG',237,4,2011,1,150.00),(1195,'2011-05-02','2011-06-04 20:35:59',1,7404,'SEG',150,4,2011,1,150.00),(1196,'2011-05-05','2011-06-04 20:37:41',1,7406,'SEG',153,5,2011,1,100.00),(1197,'2011-05-04','2011-06-04 20:38:30',1,7405,'SEG',42,5,2011,1,150.00),(1198,'2011-04-28','2011-06-04 20:39:27',1,7403,'SEG',83,4,2011,1,150.00),(1199,'2011-05-05','2011-06-04 20:40:36',1,7407,'SEG',37,5,2011,1,100.00),(1200,'2011-05-05','2011-06-04 20:41:34',1,7408,'SEG',127,5,2011,1,150.00),(1201,'2011-03-14','2011-06-04 20:42:23',1,7409,'MON',120,3,2011,1,55.00),(1202,'2011-05-09','2011-06-04 20:43:16',1,7410,'SEG',58,5,2011,1,100.00),(1203,'2011-05-19','2011-06-04 20:44:13',1,7411,'SEG',101,5,2011,1,150.00),(1204,'2011-03-12','2011-06-04 20:59:36',1,6617,'MON',123,2,2011,1,150.00),(1205,'2011-02-14','2011-06-06 15:21:28',1,6421,'SEG',64,2,2011,1,150.00),(1206,'2010-12-19','2011-06-06 15:27:01',1,5863,'SEG',47,12,2010,1,150.00),(1207,'2011-01-03','2011-06-06 15:27:55',1,5872,'SEG',10,1,2011,1,150.00),(1208,'2011-04-03','2011-06-06 15:33:55',1,6741,'MON',42,4,2011,1,75.00),(1209,'2011-01-29','2011-06-06 15:36:02',1,6538,'SEG',124,1,2011,1,100.00),(1210,'2011-05-05','2011-06-06 15:37:09',1,6545,'SEG',44,5,2011,1,100.00),(1211,'2011-05-05','2011-06-06 15:38:00',1,6546,'SEG',45,5,2011,1,150.00),(1212,'2011-05-07','2011-06-06 15:38:44',1,6547,'SEG',13,5,2011,1,150.00),(1213,'2011-05-07','2011-06-06 15:39:32',1,6548,'SEG',93,5,2011,1,150.00),(1214,'2011-04-19','2011-06-06 15:40:20',1,6549,'SEG',307,3,2011,1,150.00),(1215,'2011-03-26','2011-06-06 15:41:09',1,6550,'SEG',310,5,2011,1,100.00),(1216,'2011-01-24','2011-06-06 15:45:08',1,6537,'SEG',314,1,2011,1,0.00),(1217,'2011-03-11','2011-06-06 17:20:05',1,6669,'SEG',188,2,2011,1,100.00),(1218,'2011-03-05','2011-06-06 17:21:41',1,6557,'SEG',76,3,2011,1,150.00),(1219,'2011-03-05','2011-06-06 17:22:30',1,6571,'SEG',122,1,2011,1,150.00),(1220,'2011-05-10','2011-06-06 17:24:24',1,7188,'SEG',296,5,2011,1,100.00),(1221,'2011-05-13','2011-06-06 17:25:12',1,7195,'SEG',122,5,2011,1,100.00),(1222,'2011-05-09','2011-06-07 20:13:27',1,7202,'SEG',245,5,2011,1,150.00),(1223,'2011-05-09','2011-06-07 20:14:12',1,7203,'SEG',254,4,2011,1,100.00),(1224,'2011-05-09','2011-06-07 20:18:02',1,7204,'SEG',252,5,2011,1,150.00),(1225,'2011-05-09','2011-06-07 21:24:25',1,7205,'SEG',304,5,2011,1,150.00),(1226,'2011-05-09','2011-06-07 21:25:10',1,7206,'SEG',257,5,2011,1,100.00),(1227,'2011-05-10','2011-06-07 21:26:16',1,7207,'SEG',308,5,2011,1,100.00),(1228,'2011-05-10','2011-06-07 21:27:46',1,7208,'SEG',212,5,2011,1,100.00),(1229,'2011-05-11','2011-06-07 21:28:22',1,7209,'SEG',242,5,2011,1,100.00),(1230,'2011-05-11','2011-06-07 21:28:55',1,7210,'SEG',305,5,2011,1,80.00),(1231,'2011-05-12','2011-06-07 21:29:33',1,7211,'SEG',173,5,2011,1,100.00),(1232,'2011-05-13','2011-06-07 21:30:13',1,7212,'SEG',251,5,2011,1,100.00),(1233,'2011-05-13','2011-06-07 21:30:54',1,7213,'SEG',283,5,2011,1,150.00),(1234,'2011-05-13','2011-06-07 21:31:45',1,7214,'SEG',250,5,2011,1,150.00),(1235,'2011-05-14','2011-06-07 21:32:26',1,7215,'SEG',248,5,2011,1,100.00),(1236,'2011-05-21','2011-06-07 21:33:08',1,7216,'SEG',170,5,2011,1,150.00),(1237,'2011-05-23','2011-06-07 21:33:45',1,7217,'SEG',256,5,2011,1,150.00),(1238,'2011-05-26','2011-06-07 21:34:25',1,7218,'SEG',198,5,2011,1,100.00),(1239,'2011-05-26','2011-06-07 21:35:02',1,7219,'SEG',154,4,2011,1,150.00),(1240,'2011-05-26','2011-06-07 21:36:09',1,7220,'SEG',154,5,2011,1,150.00),(1241,'2011-06-07','2011-06-07 21:37:32',1,7221,'SEG',304,6,2011,1,150.00),(1242,'2011-05-14','2011-06-23 22:55:06',1,7412,'MON',19,5,2011,1,55.00),(1243,'2011-05-14','2011-06-23 22:55:56',1,7413,'MON',30,3,2011,1,50.00),(1244,'2011-05-14','2011-06-23 22:56:36',1,7414,'MON',30,4,2011,1,50.00),(1245,'2011-05-14','2011-06-23 22:57:21',1,7415,'MON',30,5,2011,1,50.00),(1246,'2011-05-18','2011-06-23 22:57:58',1,7416,'SEG',146,5,2011,1,150.00),(1247,'2011-06-05','2011-06-23 22:58:41',1,7417,'SEG',59,6,2011,1,150.00),(1248,'2011-06-06','2011-06-23 23:01:08',1,7426,'SEG',93,6,2011,1,150.00),(1249,'2011-06-06','2011-06-23 23:01:45',1,7427,'MON',93,6,2011,1,55.00),(1250,'2011-06-08','2011-06-23 23:02:25',1,7428,'SEG',60,6,2011,1,150.00),(1251,'2011-06-08','2011-06-23 23:03:11',1,7429,'SEG',149,6,2011,1,150.00),(1252,'2011-06-08','2011-06-23 23:04:02',1,7430,'SEG',247,6,2011,1,150.00),(1253,'2011-06-08','2011-06-23 23:04:41',1,7431,'SEG',35,6,2011,1,150.00),(1254,'2011-06-08','2011-06-23 23:06:19',1,7432,'SEG',132,6,2011,1,100.00),(1255,'2011-06-08','2011-06-23 23:06:59',1,7433,'SEG',123,6,2011,1,150.00),(1256,'2011-06-08','2011-06-23 23:07:40',1,7434,'MON',123,6,2011,1,75.00),(1257,'2011-06-08','2011-06-23 23:08:21',1,7435,'SEG',101,6,2011,1,150.00),(1258,'2011-06-08','2011-06-23 23:09:12',1,7436,'MON',101,6,2011,1,55.00),(1259,'2011-06-10','2011-06-23 23:09:51',1,7437,'SEG',15,6,2011,1,150.00),(1260,'2011-06-10','2011-06-23 23:10:35',1,7438,'SEG',16,6,2011,1,150.00),(1261,'2011-06-10','2011-06-23 23:11:33',1,7439,'SEG',133,6,2011,1,150.00),(1262,'2011-06-10','2011-06-23 23:12:41',1,7440,'SEG',11,6,2011,1,150.00),(1263,'2011-06-11','2011-06-23 23:13:24',1,7441,'SEG',34,6,2011,1,150.00),(1264,'2011-06-10','2011-06-23 23:14:01',1,7442,'SEG',43,6,2011,1,150.00),(1265,'2011-06-12','2011-06-23 23:15:10',1,7443,'SEG',255,6,2011,1,150.00),(1266,'2011-06-13','2011-06-23 23:16:41',1,7444,'SEG',76,6,2011,1,150.00),(1267,'2011-06-13','2011-06-23 23:17:36',1,7445,'MON',76,6,2011,1,65.00),(1268,'2011-06-13','2011-06-23 23:18:14',1,7446,'SEG',275,6,2011,1,100.00),(1269,'2011-06-14','2011-06-23 23:19:06',1,7447,'SEG',54,6,2011,1,150.00),(1270,'2011-06-13','2011-06-23 23:19:53',1,7448,'SEG',89,6,2011,1,150.00),(1271,'2011-06-13','2011-06-23 23:20:28',1,7449,'SEG',91,6,2011,1,100.00),(1272,'2011-06-13','2011-06-23 23:20:59',1,7450,'SEG',215,6,2011,1,150.00),(1273,'2011-05-25','2011-06-23 23:23:25',1,7326,'SEG',125,5,2011,1,150.00),(1274,'2011-06-01','2011-06-23 23:24:10',1,7327,'SEG',98,5,2011,1,150.00),(1275,'2011-06-05','2011-06-23 23:24:55',1,7328,'SEG',213,2,2011,1,150.00),(1276,'2011-06-05','2011-06-23 23:25:58',1,7329,'SEG',213,3,2011,1,150.00),(1277,'2011-06-05','2011-06-23 23:26:38',1,7330,'SEG',213,4,2011,1,150.00),(1278,'2011-06-05','2011-06-23 23:27:32',1,7331,'SEG',213,5,2011,1,150.00),(1279,'2011-06-05','2011-06-23 23:28:07',1,7332,'SEG',213,6,2011,1,150.00),(1280,'2011-06-06','2011-06-23 23:29:46',1,7334,'SEG',80,5,2011,1,150.00),(1281,'2011-06-06','2011-06-23 23:30:32',1,7335,'SEG',80,6,2011,1,150.00),(1282,'2011-06-06','2011-06-23 23:31:08',1,7336,'SEG',233,6,2011,1,150.00),(1283,'2011-06-06','2011-06-23 23:31:44',1,7337,'SEG',134,6,2011,1,100.00),(1284,'2011-06-07','2011-06-23 23:32:27',1,7338,'SEG',13,6,2011,1,150.00),(1285,'2011-06-07','2011-06-23 23:33:15',1,7339,'MON',13,6,2011,1,55.00),(1286,'2011-06-07','2011-06-23 23:33:55',1,7340,'SEG',125,6,2011,1,150.00),(1287,'2011-06-06','2011-06-23 23:34:49',1,7341,'SEG',10,6,2011,1,150.00),(1288,'2011-06-13','2011-06-23 23:35:56',1,7342,'SEG',216,6,2011,1,150.00),(1289,'2011-06-13','2011-06-23 23:36:49',1,7343,'SEG',177,6,2011,1,150.00),(1290,'2011-06-13','2011-06-23 23:37:33',1,7344,'SEG',212,6,2011,1,100.00),(1291,'2011-06-13','2011-06-23 23:51:30',1,7345,'SEG',190,6,2011,1,150.00),(1292,'2011-06-13','2011-06-23 23:52:10',1,7346,'SEG',287,6,2011,1,150.00),(1293,'2011-06-13','2011-06-23 23:52:41',1,7347,'SEG',206,6,2011,1,150.00),(1294,'2011-06-13','2011-06-23 23:53:28',1,7348,'SEG',236,6,2011,1,100.00),(1295,'2011-06-13','2011-06-23 23:54:11',1,7349,'SEG',146,6,2011,1,150.00),(1296,'2011-06-16','2011-06-23 23:55:17',1,7350,'MON',240,5,2011,1,50.00),(1297,'2011-06-06','2011-06-23 23:55:47',1,7333,'SEG',80,4,2011,1,150.00),(1298,'2011-06-04','2011-06-23 23:58:20',1,7376,'SEG',310,6,2011,1,150.00),(1299,'2011-06-04','2011-06-23 23:59:00',1,7377,'SEG',18,6,2011,1,150.00),(1300,'2011-06-04','2011-06-23 23:59:53',1,7378,'SEG',319,6,2011,1,50.00),(1301,'2011-06-04','2011-06-24 00:00:52',1,7379,'SEG',237,4,2011,1,150.00),(1302,'2011-06-04','2011-06-24 00:01:33',1,7380,'SEG',237,5,2011,1,150.00),(1303,'2011-06-04','2011-06-24 00:03:04',1,7381,'SEG',23,5,2011,1,150.00),(1304,'2011-06-04','2011-06-24 00:04:39',1,7382,'SEG',141,6,2011,1,100.00),(1305,'2011-06-04','2011-06-24 00:05:27',1,7383,'SEG',31,5,2011,1,150.00),(1306,'2011-06-04','2011-06-24 00:06:19',1,7384,'SEG',140,6,2011,1,100.00),(1307,'2011-06-04','2011-06-24 00:07:05',1,7385,'SEG',9,6,2011,1,150.00),(1308,'2011-06-04','2011-06-24 00:07:55',1,7386,'SEG',87,6,2011,1,150.00),(1309,'2011-06-05','2011-06-24 00:08:39',1,7387,'SEG',59,5,2011,1,150.00),(1310,'2011-06-05','2011-06-24 00:09:43',1,7388,'SEG',181,6,2011,1,150.00),(1311,'2011-06-05','2011-06-24 00:10:22',1,7389,'SEG',41,6,2011,1,150.00),(1312,'2011-06-05','2011-06-24 00:10:57',1,7390,'SEG',82,6,2011,1,150.00),(1313,'2011-06-05','2011-06-24 00:11:40',1,7391,'SEG',106,6,2011,1,100.00),(1314,'2011-06-05','2011-06-24 00:12:13',1,7392,'SEG',81,6,2011,1,150.00),(1315,'2011-06-05','2011-06-24 00:13:00',1,7393,'SEG',202,6,2011,1,150.00),(1316,'2011-06-05','2011-06-24 00:13:40',1,7394,'SEG',156,6,2011,1,100.00),(1317,'2011-06-06','2011-06-24 00:14:32',1,7395,'SEG',14,5,2011,1,150.00),(1318,'2011-06-06','2011-06-24 00:15:15',1,7396,'SEG',120,6,2011,1,150.00),(1319,'2011-06-06','2011-06-24 00:15:56',1,7397,'SEG',73,6,2011,1,150.00),(1320,'2011-06-06','2011-06-24 00:17:46',1,7398,'SEG',323,6,2011,1,70.00),(1321,'2011-06-06','2011-06-24 00:18:45',1,7399,'SEG',162,6,2011,1,150.00),(1322,'2011-06-06','2011-06-24 00:19:21',1,7400,'SEG',185,6,2011,1,100.00),(1323,'2011-05-14','2011-06-24 00:23:05',1,7226,'SEG',19,5,2011,1,150.00),(1324,'2011-05-14','2011-06-24 00:24:15',1,7227,'MON',30,2,2011,1,50.00),(1325,'2011-05-14','2011-06-24 00:24:51',1,7228,'SEG',30,5,2011,1,100.00),(1326,'2011-05-14','2011-06-24 00:25:24',1,7229,'SEG',255,5,2011,1,100.00),(1327,'2011-05-15','2011-06-24 00:26:07',1,7230,'SEG',117,5,2011,1,120.00),(1328,'2011-05-15','2011-06-24 00:26:49',1,7231,'SEG',160,5,2011,1,150.00),(1329,'2011-05-15','2011-06-24 00:27:44',1,7232,'SEG',157,5,2011,1,125.00),(1330,'2011-05-15','2011-06-24 00:28:16',1,7233,'SEG',135,5,2011,1,150.00),(1331,'2011-05-17','2011-06-24 00:29:03',1,7234,'SEG',94,5,2011,1,150.00),(1332,'2011-05-18','2011-06-24 00:30:16',1,7235,'MON',76,5,2011,1,65.00),(1333,'2011-05-18','2011-06-24 00:34:30',1,7238,'SEG',217,5,2011,1,150.00),(1334,'2011-05-18','2011-06-24 00:36:03',1,7239,'SEG',324,5,2011,1,150.00),(1335,'2011-05-18','2011-06-24 00:36:59',1,7240,'SEG',146,5,2011,1,150.00),(1336,'2011-05-21','2011-06-24 00:37:40',1,7241,'SEG',73,5,2011,1,150.00),(1337,'2011-05-22','2011-06-24 00:38:21',1,7242,'SEG',39,5,2011,1,75.00),(1338,'2011-05-27','2011-06-24 00:38:58',1,7243,'SEG',187,5,2011,1,150.00),(1339,'2011-05-30','2011-06-24 00:39:39',1,7244,'SEG',228,5,2011,1,120.00),(1340,'2011-06-01','2011-06-24 00:40:11',1,7245,'SEG',20,5,2011,1,100.00),(1341,'2011-06-01','2011-06-24 00:40:55',1,7246,'MON',20,5,2011,1,55.00),(1342,'2011-06-04','2011-06-24 00:41:27',1,7247,'SEG',79,6,2011,1,150.00),(1343,'2011-06-04','2011-06-24 00:42:04',1,7248,'SEG',143,6,2011,1,150.00),(1344,'2011-06-04','2011-06-24 00:42:51',1,7249,'SEG',115,5,2011,1,100.00),(1345,'2011-06-06','2011-06-24 00:43:28',1,7250,'SEG',184,6,2011,1,100.00),(1346,'2011-05-18','2011-06-24 00:44:39',1,7418,'MON',240,4,2011,1,50.00),(1347,'2011-05-18','2011-06-24 00:45:20',1,7419,'MON',240,3,2011,1,50.00),(1348,'2011-06-25','2011-06-24 00:47:35',1,7351,'SEG',49,5,2011,1,150.00),(1349,'2011-05-25','2011-06-24 00:48:04',1,7352,'SEG',26,5,2011,1,100.00),(1350,'2011-05-25','2011-06-24 00:48:51',1,7353,'SEG',163,5,2011,1,150.00),(1351,'2011-05-25','2011-06-24 00:49:23',1,7354,'SEG',150,5,2011,1,150.00),(1352,'2011-05-26','2011-06-24 00:50:03',1,7355,'SEG',246,5,2011,1,100.00),(1353,'2011-06-01','2011-06-24 00:50:43',1,7356,'SEG',124,4,2011,1,100.00),(1354,'2011-05-26','2011-06-24 00:51:34',1,7357,'SEG',211,4,2011,1,100.00),(1355,'2011-05-26','2011-06-24 00:52:19',1,7358,'SEG',211,5,2011,1,100.00),(1356,'2011-05-26','2011-06-24 00:53:00',1,7359,'SEG',211,6,2011,1,100.00),(1357,'2011-06-06','2011-06-24 00:53:56',1,7360,'SEG',124,5,2011,1,150.00),(1358,'2011-06-06','2011-06-24 00:54:26',1,7361,'MON',124,4,2011,1,55.00),(1359,'2011-06-01','2011-06-24 00:55:24',1,7362,'MON',124,5,2011,1,55.00),(1360,'2011-06-01','2011-06-24 00:56:07',1,7363,'SEG',193,5,2011,1,150.00),(1361,'2011-06-01','2011-06-24 00:57:10',1,7364,'SEG',24,6,2011,1,80.00),(1362,'2011-06-01','2011-06-24 00:58:31',1,7365,'SEG',325,6,2011,1,150.00),(1363,'2011-06-04','2011-06-24 00:59:06',1,7366,'SEG',301,6,2011,1,150.00),(1365,'2011-06-05','2011-06-24 01:00:27',1,7368,'SEG',216,5,2011,1,150.00),(1366,'2011-06-05','2011-06-24 01:01:18',1,7369,'SEG',216,6,2011,1,150.00),(1367,'2011-06-05','2011-06-24 01:01:59',1,7370,'SEG',314,6,2011,1,0.00),(1368,'2011-06-05','2011-06-24 01:02:35',1,7371,'SEG',203,6,2011,1,150.00),(1369,'2011-06-06','2011-06-24 01:03:15',1,7372,'SEG',281,6,2011,1,150.00),(1370,'2011-06-06','2011-06-24 01:03:53',1,7373,'SEG',253,6,2011,1,150.00),(1371,'2011-06-06','2011-06-24 01:04:29',1,7374,'SEG',65,6,2011,1,60.00),(1372,'2011-06-06','2011-06-24 01:05:10',1,7375,'SEG',121,6,2011,1,150.00),(1373,'2011-06-24','2011-06-24 14:32:28',1,5802,'B10',261,1,2011,1,150.00),(1374,'2011-07-27','2011-07-27 18:39:38',1,6493,'B10',130,12,2011,1,6000.00);

UNLOCK TABLES;

/*Table structure for table `logging` */

DROP TABLE IF EXISTS `logging`;

CREATE TABLE `logging` (
  `Id` int(11) NOT NULL AUTO_INCREMENT,
  `usuario` char(25) DEFAULT NULL,
  `fecha` datetime DEFAULT NULL,
  `tipotransaccion` char(50) DEFAULT NULL,
  `descripcion` varchar(255) DEFAULT NULL,
  PRIMARY KEY (`Id`)
) ENGINE=InnoDB AUTO_INCREMENT=3162 DEFAULT CHARSET=utf8;

/*Data for the table `logging` */

LOCK TABLES `logging` WRITE;

insert  into `logging`(`Id`,`usuario`,`fecha`,`tipotransaccion`,`descripcion`) values (2846,NULL,'2011-06-30 19:28:14','Agregar Cobrador','Codigo: 6 Jorge Skibicki'),(2847,NULL,'2011-06-30 20:11:51','Eliminar Cobrador','Codigo: 6 [object Object]'),(2848,NULL,'2011-06-30 20:13:00','Agregar Cobrador','Codigo: 6 jorge dekibicki'),(2849,NULL,'2011-06-30 20:13:50','Eliminar Cobrador','Codigo: 6 undefined'),(2850,NULL,'2011-06-30 20:14:07','Eliminar Cobrador','Codigo: 6'),(2851,NULL,'2011-06-30 21:47:41','Modificar Cobrador','5 Veronica'),(2852,NULL,'2011-06-30 21:49:41','Modificar Cobrador','3 FATIMA - MERCERIA'),(2853,NULL,'2011-06-30 21:51:10','Modificar Cobrador','2 mariela'),(2854,NULL,'2011-06-30 21:51:30','Modificar Cobrador','2 mariela'),(2855,NULL,'2011-06-30 21:52:34','Modificar Cobrador','4 FARMACIA'),(2856,NULL,'2011-06-30 21:54:13','Modificar Cobrador','4 FARMACIA'),(2857,NULL,'2011-06-30 21:55:49','Modificar Cobrador','4 FARMACIA'),(2858,NULL,'2011-06-30 21:56:39','Modificar Cobrador','3 FATIMA - MERCERIA'),(2859,NULL,'2011-06-30 21:58:06','Modificar Cobrador','3 FATIMA - MERCERIA'),(2860,NULL,'2011-06-30 21:59:10','Modificar Cobrador','4 FARMACIA'),(2861,NULL,'2011-06-30 22:00:38','Modificar Cobrador','4 FARMACIA'),(2862,NULL,'2011-06-30 22:01:37','Modificar Cobrador','4 FARMACIA'),(2863,NULL,'2011-06-30 22:03:10','Modificar Cobrador','3 FATIMA - MERCERIA'),(2864,NULL,'2011-06-30 22:03:53','Modificar Cobrador','4 FARMACIA'),(2865,NULL,'2011-06-30 22:04:16','Modificar Cobrador','4 FARMACIA'),(2866,NULL,'2011-06-30 22:06:42','Modificar Cobrador','4 FARMACIA'),(2867,NULL,'2011-06-30 22:08:12','Modificar Cobrador','4 FARMACIA'),(2868,NULL,'2011-06-30 22:11:29','Modificar Cobrador','4 FARMACIA'),(2869,NULL,'2011-06-30 22:12:12','Modificar Cobrador','4 FARMACIA'),(2870,NULL,'2011-06-30 22:13:20','Agregar Cobrador','Codigo: 6 2223'),(2871,NULL,'2011-06-30 22:13:39','Agregar Cobrador','Codigo: 7 123'),(2872,NULL,'2011-06-30 22:13:43','Modificar Cobrador','6 2223'),(2873,NULL,'2011-06-30 22:13:48','Eliminar Cobrador','Codigo: 6'),(2874,NULL,'2011-06-30 22:13:50','Eliminar Cobrador','Codigo: 7'),(2875,NULL,'2011-06-30 22:15:57','Modificar Cobrador','4 FARMACIA'),(2876,NULL,'2011-06-30 22:20:29','Modificar Cobrador','4 FARMACIA'),(2877,NULL,'2011-07-01 18:59:32','Eliminar Cobrador','Codigo: 5'),(2878,NULL,'2011-07-01 19:00:14','Eliminar Cobrador','Codigo: 5'),(2879,NULL,'2011-07-01 19:00:25','Eliminar Cobrador','Codigo: 5'),(2880,NULL,'2011-07-01 19:02:16','Eliminar Cobrador','Codigo: 5'),(2881,NULL,'2011-07-01 19:02:26','Eliminar Cobrador','Codigo: 5'),(2882,NULL,'2011-07-01 19:43:37','Eliminar Cobrador','Codigo: 4'),(2883,NULL,'2011-07-01 19:44:10','Eliminar Cobrador','Codigo: 4'),(2884,NULL,'2011-07-01 19:44:12','Eliminar Cobrador','Codigo: 4'),(2885,NULL,'2011-07-01 19:46:53','Eliminar Cobrador','Codigo: 4'),(2886,NULL,'2011-07-01 19:46:55','Eliminar Cobrador','Codigo: 4'),(2887,NULL,'2011-07-01 19:47:12','Eliminar Cobrador','Codigo: 4'),(2888,NULL,'2011-07-01 19:48:01','Eliminar Cobrador','Codigo: 4'),(2889,NULL,'2011-07-01 19:54:11','Eliminar Cobrador','Codigo: 4'),(2890,NULL,'2011-07-01 19:56:28','Eliminar Cobrador','Codigo: 4'),(2891,NULL,'2011-07-01 19:58:56','Eliminar Cobrador','Codigo: 4'),(2892,NULL,'2011-07-01 19:58:57','Eliminar Cobrador','Codigo: 4'),(2893,NULL,'2011-07-01 19:58:59','Eliminar Cobrador','Codigo: 4'),(2894,NULL,'2011-07-01 19:59:02','Eliminar Cobrador','Codigo: 4'),(2895,NULL,'2011-07-01 20:00:16','Eliminar Cobrador','Codigo: 4'),(2896,NULL,'2011-07-01 20:09:56','Eliminar Cobrador','Codigo: 4'),(2897,NULL,'2011-07-01 20:09:57','Eliminar Cobrador','Codigo: 4'),(2898,NULL,'2011-07-01 20:12:53','Eliminar Cobrador','Codigo: 4'),(2899,NULL,'2011-07-01 20:12:55','Eliminar Cobrador','Codigo: 4'),(2900,NULL,'2011-07-01 20:17:47','Agregar Cobrador','Codigo: 24 99'),(2901,NULL,'2011-07-01 20:20:42','Agregar Cobrador','Codigo: 25 99'),(2902,NULL,'2011-07-01 20:20:44','Agregar Cobrador','Codigo: 26 99'),(2903,NULL,'2011-07-01 20:20:58','Agregar Cobrador','Codigo: 27 99'),(2904,NULL,'2011-07-01 20:28:54','Agregar Cobrador','Codigo: 28 99'),(2905,'admin','2011-07-02 13:45:44','Genera Informe','Historial de pagos periodo 2011'),(2906,'admin','2011-07-02 13:46:25','Genera Informe','Historial de pagos periodo 2011'),(2907,NULL,'2011-07-02 14:46:26','Modificar Cobrador','10 10'),(2908,NULL,'2011-07-02 14:46:42','Modificar Cobrador','13 13'),(2909,'admin','2011-07-02 19:29:45','Genera Informe','Grafica de Ingresos - Perodo: 2011'),(2910,'admin','2011-07-02 19:30:46','Genera Informe','Grafica de Ingresos - Perodo: 2011'),(2911,'admin','2011-07-02 19:32:24','Genera Informe','Grafica de Ingresos - Perodo: 2011'),(2912,'admin','2011-07-02 19:32:58','Genera Informe','Grafica de Ingresos - Perodo: 2011'),(2913,'admin','2011-07-02 19:33:06','Genera Informe','Grafica de Ingresos - Perodo: 2011'),(2914,'admin','2011-07-02 19:33:36','Genera Informe','Grafica de Ingresos - Perodo: 2011'),(2915,'admin','2011-07-02 19:33:58','Genera Informe','Grafica de Ingresos - Perodo: 2011'),(2916,'admin','2011-07-02 19:34:32','Genera Informe','Grafica de Ingresos - Perodo: 2011'),(2917,'admin','2011-07-02 19:35:46','Genera Informe','Grafica de Ingresos - Perodo: 2011'),(2918,'admin','2011-07-02 19:36:46','Genera Informe','Grafica de Ingresos - Perodo: 2011'),(2919,'admin','2011-07-02 19:38:04','Genera Informe','Grafica de Ingresos - Perodo: 2011'),(2920,'admin','2011-07-02 19:38:13','Genera Informe','Grafica de Ingresos - Perodo: 2011'),(2921,'admin','2011-07-02 19:39:44','Genera Informe','Grafica de Ingresos - Periodo: 2011'),(2922,'admin','2011-07-02 19:40:40','Genera Informe','Grafica de Ingresos - Periodo: 2011'),(2923,'admin','2011-07-02 19:41:39','Genera Informe','Grafica de Ingresos - Periodo: 2011'),(2924,'admin','2011-07-02 19:42:49','Genera Informe','Grafica de Ingresos - Periodo: 2011'),(2925,'admin','2011-07-02 19:43:06','Genera Informe','Grafica de Ingresos - Periodo: 2011'),(2926,'admin','2011-07-02 19:43:25','Genera Informe','Grafica de Ingresos - Periodo: 2011'),(2927,'admin','2011-07-02 19:43:41','Genera Informe','Grafica de Ingresos - Periodo: 2011'),(2928,'admin','2011-07-02 19:45:12','Genera Informe','Grafica de Ingresos - Periodo: 2011'),(2929,'admin','2011-07-02 19:46:20','Genera Informe','Grafica de Ingresos - Periodo: 2011'),(2930,'admin','2011-07-02 19:54:02','Genera Informe','Grafica de Ingresos - Periodo: 2011'),(2931,'admin','2011-07-02 19:54:25','Genera Informe','Grafica de Ingresos - Periodo: 2011'),(2932,'admin','2011-07-02 19:55:55','Genera Informe','Grafica de Ingresos - Periodo: 2011'),(2933,'admin','2011-07-02 19:57:50','Genera Informe','Grafica de Ingresos - Periodo: 2011'),(2934,'admin','2011-07-02 20:03:54','Genera Informe','Grafica de Ingresos - Periodo: 2011'),(2935,'admin','2011-07-02 20:04:35','Genera Informe','Grafica de Ingresos - Periodo: 2011'),(2936,'admin','2011-07-02 20:04:57','Genera Informe','Grafica de Ingresos - Periodo: 2011'),(2937,'admin','2011-07-02 20:05:26','Genera Informe','Grafica de Ingresos - Periodo: 2011'),(2938,'admin','2011-07-02 20:06:00','Genera Informe','Grafica de Ingresos - Periodo: 2011'),(2939,'admin','2011-07-02 20:06:23','Genera Informe','Grafica de Ingresos - Periodo: 2011'),(2940,'admin','2011-07-02 20:06:30','Genera Informe','Grafica de Ingresos - Periodo: 2011'),(2941,'admin','2011-07-02 20:44:49','Genera Informe','Grafica de Ingresos - Periodo: 2011'),(2942,'admin','2011-07-02 20:45:22','Genera Informe','Grafica de Ingresos - Periodo: 2011'),(2943,'admin','2011-07-02 20:45:44','Genera Informe','Grafica de Ingresos - Periodo: 2011'),(2944,'admin','2011-07-02 20:47:00','Genera Informe','Grafica de Ingresos - Periodo: 2011'),(2945,'admin','2011-07-02 20:49:55','Genera Informe','Grafica de Ingresos - Periodo: 2011'),(2946,'admin','2011-07-02 20:50:18','Genera Informe','Grafica de Ingresos - Periodo: 2011'),(2947,'admin','2011-07-02 20:53:18','Genera Informe','Grafica de Ingresos y Egresos - Periodo: 2011'),(2948,'admin','2011-07-02 20:53:55','Genera Informe','Grafica de Ingresos y Egresos - Periodo: 2011'),(2949,'admin','2011-07-02 20:54:07','Genera Informe','Grafica de Ingresos y Egresos - Periodo: 2011'),(2950,'admin','2011-07-02 20:54:21','Genera Informe','Grafica de Ingresos y Egresos - Periodo: 2011'),(2951,'admin','2011-07-02 20:55:01','Genera Informe','Grafica de Ingresos y Egresos - Periodo: 2011'),(2952,'admin','2011-07-02 21:02:06','Genera Informe','Grafica de Ingresos y Egresos - Periodo: 2011'),(2953,'admin','2011-07-02 21:04:39','Genera Informe','Grafica de Ingresos y Egresos - Periodo: 2011'),(2954,'admin','2011-07-02 21:05:28','Genera Informe','Ingresos'),(2955,'admin','2011-07-02 21:05:50','Genera Informe','Ingresos'),(2956,'admin','2011-07-02 21:06:34','Genera Informe','Grafica de Ingresos y Egresos - Periodo: 2011'),(2957,'admin','2011-07-02 21:12:06','Genera Informe','Grafica de Ingresos y Egresos - Periodo: 2011'),(2958,'admin','2011-07-02 21:15:19','Genera Informe','Grafica de Ingresos y Egresos - Periodo: 2011'),(2959,'admin','2011-07-02 21:15:39','Genera Informe','Grafica de Ingresos y Egresos - Periodo: 2011'),(2960,'admin','2011-07-02 21:28:49','Genera Informe','Grafica de Ingresos y Egresos - Periodo: 2011'),(2961,'admin','2011-07-02 21:36:18','Genera Informe','Grafica de Ingresos y Egresos - Periodo: 2010'),(2962,'admin','2011-07-02 21:36:54','Genera Informe','Grafica de Ingresos y Egresos - Periodo: 2011'),(2963,'admin','2011-07-02 21:38:34','Genera Informe','Historial de pagos periodo 2011'),(2964,'admin','2011-07-02 21:38:59','Genera Informe','Grafica de Ingresos y Egresos - Periodo: 2011'),(2965,'admin','2011-07-02 21:39:29','Genera Informe','Grafica de Ingresos y Egresos - Periodo: 2011'),(2966,'admin','2011-07-02 21:41:25','Genera Informe','Grafica de Ingresos y Egresos - Periodo: 2011'),(2967,'admin','2011-07-02 21:43:01','Genera Informe','Grafica de Ingresos y Egresos - Periodo: 2011'),(2968,'admin','2011-07-02 21:43:39','Genera Informe','Grafica de Ingresos y Egresos - Periodo: 2010'),(2969,'admin','2011-07-02 21:43:53','Genera Informe','Grafica de Ingresos y Egresos - Periodo: 2011'),(2970,'cristian','2011-07-02 21:44:44','Genera Informe','Grafica de Ingresos y Egresos - Periodo: 2011'),(2971,'admin','2011-07-02 21:46:26','Genera Informe','Grafica de Ingresos y Egresos - Periodo: 2011'),(2972,'admin','2011-07-02 21:46:55','Genera Informe','Grafica de Ingresos y Egresos - Periodo: 2011'),(2973,'admin','2011-07-02 23:45:58','Genera Informe','Grafica de Ingresos y Egresos - Periodo: 2011'),(2974,'admin','2011-07-02 23:54:14','Genera Informe','Grafica de Ingresos y Egresos - Periodo: 2011'),(2975,'admin','2011-07-02 23:59:41','Genera Informe','Grafica de Ingresos y Egresos - Periodo: 2011'),(2976,'admin','2011-07-03 00:00:18','Agregar Egreso','Codigo: 28 13/01/2011 Nro:122 Concepto:ADM'),(2977,'admin','2011-07-03 00:00:24','Genera Informe','Grafica de Ingresos y Egresos - Periodo: 2011'),(2978,'admin','2011-07-03 00:00:55','Agregar Egreso','Codigo: 29 17/02/2011 Nro:788 Concepto:LIM'),(2979,'admin','2011-07-03 00:01:19','Agregar Egreso','Codigo: 30 26/03/2011 Nro:999 Concepto:ADM'),(2980,'admin','2011-07-03 00:01:23','Genera Informe','Grafica de Ingresos y Egresos - Periodo: 2011'),(2981,'admin','2011-07-03 00:02:07','Agregar Egreso','Codigo: 31 03/01/2011 Nro:9 Concepto:ADM'),(2982,'admin','2011-07-03 00:02:11','Genera Informe','Grafica de Ingresos y Egresos - Periodo: 2011'),(2983,'admin','2011-07-03 00:02:42','Genera Informe','Grafica de Ingresos y Egresos - Periodo: 2010'),(2984,'admin','2011-07-03 00:03:00','Genera Informe','Grafica de Ingresos y Egresos - Periodo: 2010'),(2985,'admin','2011-07-03 00:05:12','Agregar Egreso','Codigo: 32 18/02/2011 Nro:9 Concepto:ADM'),(2986,'admin','2011-07-03 00:05:17','Genera Informe','Grafica de Ingresos y Egresos - Periodo: 2011'),(2987,'admin','2011-07-03 00:06:12','Genera Informe','Grafica de Ingresos y Egresos - Periodo: 2011'),(2988,'admin','2011-07-03 13:26:46','Genera Informe','Grafica de Ingresos y Egresos - Periodo: 2011'),(2989,'admin','2011-07-03 13:27:36','Genera Informe','Grafica de Ingresos y Egresos - Periodo: 2011'),(2990,'admin','2011-07-03 13:27:40','Genera Informe','Grafica de Ingresos y Egresos - Periodo: 2010'),(2991,'admin','2011-07-03 13:29:28','Genera Informe','Grafica de Ingresos y Egresos - Periodo: 2011'),(2992,'admin','2011-07-03 13:32:45','Genera Informe','Grafica de Ingresos y Egresos - Periodo: 2011'),(2993,'admin','2011-07-03 13:39:13','Genera Informe','Grafica de Ingresos y Egresos - Periodo: 2011'),(2994,'admin','2011-07-03 15:17:25','Genera Informe','Grafica de Ingresos y Egresos - Periodo: 2011'),(2995,'admin','2011-07-03 15:33:28','Modificar Usuario','admin Administrador del Sistema'),(2996,'admin','2011-07-03 15:33:48','Modificar Propietario','1 Pomo Cristian'),(2997,'admin','2011-07-03 15:33:59','Genera Informe','Grafica de Ingresos y Egresos - Periodo: 2011'),(2998,'admin','2011-07-03 15:34:08','Modificar Ingreso','Codigo: 1364 04/06/2011 Nro:7367 Concepto:SEG Propietario:27'),(2999,'admin','2011-07-03 15:34:15','Modificar Egreso','Codigo: 23 17/06/2011 Nro:4400 Concepto:LOM'),(3000,'admin','2011-07-03 15:34:23','Modificar Talonario','Codigo: 50 Desde 7151 hasta 7175 comprobante:1'),(3001,'admin','2011-07-03 15:40:29','Modificar Cuota','Codigo: 7  Periodo: 8/2011'),(3002,'admin','2011-07-03 15:40:41','Genera Informe','Propietarios'),(3003,'admin','2011-07-03 15:41:09','Genera Informe','Ingresos'),(3004,'admin','2011-07-03 15:41:48','Modificar Ingreso','Codigo: 1364 04/06/2011 Nro:7367 Concepto:SEG Propietario:27'),(3005,'admin','2011-07-03 15:45:05','Genera Informe','Propietarios'),(3006,'admin','2011-07-03 15:45:34','Genera Informe','Historial de pagos periodo 2011'),(3007,'admin','2011-07-03 15:45:40','Genera Informe','Grafica de Ingresos y Egresos - Periodo: 2011'),(3008,'admin','2011-07-03 15:46:19','Genera Informe','Grafica de Ingresos y Egresos - Periodo: 2011'),(3009,'admin','2011-07-03 15:49:36','Genera Informe','Grafica de Ingresos y Egresos - Periodo: 2011'),(3010,'admin','2011-07-03 15:50:50','Genera Informe','Grafica de Ingresos y Egresos - Periodo: 2011'),(3011,'admin','2011-07-03 15:52:38','Genera Informe','Grafica de Ingresos y Egresos - Periodo: 2011'),(3012,'admin','2011-07-03 16:09:20','Genera Informe','Grafica de Ingresos y Egresos - Periodo: 2011'),(3013,'admin','2011-07-03 17:43:15','Genera Informe','Grafica de Ingresos y Egresos - Periodo: 2011'),(3014,'admin','2011-07-03 17:49:52','Genera Informe','Grafica de Ingresos y Egresos - Periodo: 2011'),(3015,'admin','2011-07-03 17:51:39','Genera Informe','Grafica de Ingresos y Egresos - Periodo: 2011'),(3016,'admin','2011-07-03 17:56:20','Genera Informe','Historial de pagos periodo 2011'),(3017,'cristian','2011-07-03 18:09:19','Genera Informe','Grafica de Ingresos y Egresos - Periodo: 2010'),(3018,'cristian','2011-07-03 18:09:30','Genera Informe','Grafica de Ingresos y Egresos - Periodo: 2011'),(3019,'cristian','2011-07-03 18:10:30','Genera Informe','Historial de pagos periodo 2011'),(3020,'cristian','2011-07-03 18:10:47','Genera Informe','Grafica de Ingresos y Egresos - Periodo: 2011'),(3021,'admin','2011-07-03 19:05:19','Genera Informe','Grafica de Ingresos y Egresos - Periodo: 2010'),(3022,'admin','2011-07-03 19:05:30','Genera Informe','Grafica de Ingresos y Egresos - Periodo: 2011'),(3023,'admin','2011-07-03 19:06:27','Genera Informe','Propietarios'),(3024,'admin','2011-07-03 19:20:04','Genera Informe','Grafica de Ingresos y Egresos - Periodo: 2011'),(3025,'admin','2011-07-03 21:08:45','Genera Informe','Listado de Ingresos y Egresos'),(3026,'admin','2011-07-03 21:13:52','Genera Informe','Listado de Ingresos y Egresos'),(3027,'admin','2011-07-03 21:27:35','Genera Informe','Listado de Ingresos y Egresos'),(3028,'admin','2011-07-03 21:27:53','Genera Informe','Listado de Ingresos y Egresos'),(3029,'admin','2011-07-03 21:30:28','Genera Informe','Listado de Ingresos y Egresos'),(3030,'admin','2011-07-03 21:30:39','Genera Informe','Listado de Ingresos y Egresos'),(3031,'admin','2011-07-03 21:32:00','Genera Informe','Listado de Ingresos y Egresos'),(3032,'admin','2011-07-03 21:34:10','Genera Informe','Listado de Ingresos y Egresos'),(3033,'admin','2011-07-03 21:34:20','Genera Informe','Listado de Ingresos y Egresos'),(3034,'admin','2011-07-03 21:34:27','Genera Informe','Listado de Ingresos y Egresos'),(3035,'admin','2011-07-03 21:34:48','Genera Informe','Grafica de Ingresos y Egresos - Periodo: 2011'),(3036,'admin','2011-07-04 15:04:39','Genera Informe','Grafica de Ingresos y Egresos - Periodo: 2011'),(3037,'admin','2011-07-04 15:05:10','Genera Informe','Listado de Ingresos y Egresos'),(3038,'admin','2011-07-04 15:05:18','Genera Informe','Listado de Ingresos y Egresos'),(3039,'admin','2011-07-04 15:06:05','Genera Informe','Listado de Ingresos y Egresos'),(3040,'admin','2011-07-04 15:13:33','Genera Informe','Listado de Ingresos y Egresos'),(3041,'admin','2011-07-04 15:18:18','Genera Informe','Listado de Ingresos y Egresos'),(3042,'admin','2011-07-04 15:19:05','Genera Informe','Listado de Ingresos y Egresos'),(3043,'admin','2011-07-04 15:22:38','Genera Informe','Listado de Ingresos y Egresos'),(3044,'admin','2011-07-04 15:26:30','Genera Informe','Listado de Ingresos y Egresos'),(3045,'admin','2011-07-04 15:29:42','Genera Informe','Listado de Ingresos y Egresos'),(3046,'admin','2011-07-04 15:32:22','Genera Informe','Listado de Ingresos y Egresos'),(3047,'admin','2011-07-04 15:33:04','Genera Informe','Grafica de Ingresos y Egresos - Periodo: 2011'),(3048,'admin','2011-07-04 17:26:21','Genera Informe','Grafica de Ingresos y Egresos - Periodo: 2011'),(3049,'admin','2011-07-04 17:34:52','Genera Informe','Listado de Ingresos y Egresos'),(3050,'admin','2011-07-04 17:35:31','Genera Informe','Grafica de Ingresos y Egresos - Periodo: 2011'),(3051,'admin','2011-07-04 19:06:09','Genera Informe','Listado de Ingresos y Egresos'),(3052,'admin','2011-07-04 19:17:41','Genera Informe','Listado de Ingresos y Egresos'),(3053,'admin','2011-07-05 10:34:45','Genera Informe','Grafica de Ingresos y Egresos - Periodo: 2011'),(3054,'admin','2011-07-05 10:35:05','Genera Informe','Listado de Ingresos y Egresos'),(3055,'admin','2011-07-05 10:35:26','Genera Informe','Listado de Ingresos y Egresos'),(3056,'admin','2011-07-05 20:01:33','Genera Informe','Propietarios'),(3057,'admin','2011-07-05 20:01:45','Genera Informe','Grafica de Ingresos y Egresos - Periodo: 2011'),(3058,'admin','2011-07-07 13:08:18','Genera Informe','Historial de pagos periodo 2011'),(3059,'admin','2011-07-07 18:24:43','Genera Informe','Grafica de Ingresos y Egresos - Periodo: 2011'),(3060,'admin','2011-07-09 20:19:51','Genera Informe','Historial de pagos periodo 2011'),(3061,'admin','2011-07-12 15:21:07','Modificar Propietario','1 Pomo Cristian'),(3062,'admin','2011-07-12 15:22:02','Modificar Cobrador','1 Mirta Cruz'),(3063,'admin','2011-07-12 15:23:06','Modificar Comprobante','1 RECIBOS 0001'),(3064,'admin','2011-07-12 15:23:45','Modificar Concepto','ADM GASTOS ADMINISTRATIVOS'),(3065,'admin','2011-07-12 15:24:15','Modificar Talonario','Codigo: 50 Desde 7151 hasta 7175 comprobante:1'),(3066,'admin','2011-07-12 15:24:17','Eliminar Talonario','Codigo: 50 Desde 7151 hasta 7175 comprobante: 1'),(3067,'admin','2011-07-12 15:24:50','Modificar Cuota','Codigo: 11  Periodo: 9/2011'),(3068,'admin','2011-07-12 15:24:53','Eliminar Cuota','Codigo: 5 Periodo: 10/2010'),(3069,'admin','2011-07-12 15:25:01','Genera Informe','Propietarios'),(3070,'admin','2011-07-12 15:25:12','Genera Informe','Ingresos'),(3071,'admin','2011-07-12 15:25:21','Genera Informe','Abonados por per&iacuteodo'),(3072,'admin','2011-07-12 15:25:34','Genera Informe','Listado de Egresos'),(3073,'admin','2011-07-12 15:25:56','Genera Informe','Listado de Talonarios'),(3074,'admin','2011-07-12 15:26:10','Genera Informe','Listado de Ingresos y Egresos'),(3075,'admin','2011-07-12 15:26:52','Modificar Ingreso','Codigo: 1364 04/06/2011 Nro:7367 Concepto:SEG Propietario:27'),(3076,'admin','2011-07-12 15:26:54','Eliminar Ingreso','Codigo: 1364 Nro: 7367 Concepto:SEG Propietario:27'),(3077,'admin','2011-07-12 15:27:27','Modificar Egreso','Codigo: 24 09/05/2011 Nro:74877 Concepto:COM'),(3078,'admin','2011-07-12 15:28:12','Modificar Usuario','admin Administrador del Sistema'),(3079,'admin','2011-07-12 15:28:21','Modificar Propietario','1 Pomo Cristian'),(3080,'admin','2011-07-12 15:29:11','Modificar Usuario','Angela Angela Goati'),(3081,'admin','2011-07-12 15:29:17','Modificar Ingreso','Codigo: 1365 05/06/2011 Nro:7368 Concepto:SEG Propietario:216'),(3082,'admin','2011-07-12 15:29:23','Modificar Egreso','Codigo: 24 09/05/2011 Nro:74877 Concepto:COM'),(3083,'admin','2011-07-12 15:29:37','Agregar Usuario','jds jds'),(3084,'admin','2011-07-12 15:29:46','Eliminar Usuario','jds'),(3085,'admin','2011-07-12 15:29:51','Modificar Usuario','Vero Veronica'),(3086,'admin','2011-07-12 15:29:56','Eliminar Usuario','Vero'),(3087,'admin','2011-07-12 15:30:17','Genera Informe','Grafica de Ingresos y Egresos - Periodo: 2011'),(3088,'admin','2011-07-12 20:14:08','Genera Informe','Grafica de Ingresos y Egresos - Periodo: 2011'),(3089,'admin','2011-07-12 20:14:33','Genera Informe','Propietarios'),(3090,'admin','2011-07-12 20:26:30','Modificar Cobrador','1 Mirta Cruz'),(3091,'admin','2011-07-12 20:26:36','Eliminar Cobrador','9 9'),(3092,'admin','2011-07-12 20:26:41','Eliminar Cobrador','10 10'),(3093,'admin','2011-07-12 20:27:15','Modificar Comprobante','1 RECIBOS 0001'),(3094,'admin','2011-07-12 20:27:25','Modificar Cuota','Codigo: 11  Periodo: 9/2011'),(3095,'admin','2011-07-13 23:17:32','Eliminar Usuario','Sergio'),(3096,'admin','2011-07-13 23:18:19','Eliminar Usuario','Mirta'),(3097,'admin','2011-07-13 23:27:11','Modificar Usuario','admin Administrador del Sistema'),(3098,'admin','2011-07-13 23:27:23','Modificar Usuario','Marcelo Marcelo Lastra'),(3099,'admin','2011-07-13 23:37:58','Modificar Usuario','admin Administrador del Sistema'),(3100,'admin','2011-07-13 23:39:09','Modificar Usuario','Marcelo Marcelo Lastra'),(3101,'admin','2011-07-13 23:39:16','Eliminar Usuario','Angela'),(3102,'admin','2011-07-13 23:39:26','Modificar Usuario','Cristian Cristian Pomo'),(3103,'admin','2011-07-14 09:48:23','Genera Informe','Historial de pagos periodo 2011'),(3104,'admin','2011-07-14 09:52:55','Agregar Usuario','admin2 jds'),(3105,'admin','2011-07-14 09:53:09','Agregar Usuario','jds Jorge Skibi'),(3106,'admin','2011-07-14 09:53:31','Agregar Usuario','marta Marta cuando pueda te vacuno'),(3107,'admin','2011-07-14 09:53:43','Agregar Usuario','asfdasdfasdfasdfasdf asdfasdfasdfasdfasdfasfdasdfas'),(3108,'admin','2011-07-14 11:55:49','Modificar Usuario','marta Marta cuando pueda te vacuno'),(3109,'admin','2011-07-14 11:56:55','Eliminar Usuario','marta'),(3110,'admin','2011-07-14 12:31:23','Agregar Usuario','maraca maraca'),(3111,'admin','2011-07-14 12:32:14','Agregar Usuario','a a'),(3112,'admin','2011-07-14 12:40:35','Agregar Usuario','jose jose'),(3113,'admin','2011-07-14 12:56:43','Eliminar Usuario','a'),(3114,'admin','2011-07-14 19:31:35','Agregar Usuario','garafa garafa'),(3115,'admin','2011-07-14 19:31:43','Agregar Usuario','d d'),(3116,'admin','2011-07-14 19:31:56','Agregar Usuario','pomo pomo'),(3117,'admin','2011-07-14 19:47:52','Eliminar Usuario','d'),(3118,'admin','2011-07-14 19:48:27','Agregar Usuario','xxx xxx'),(3119,'admin','2011-07-22 20:13:17','Genera Informe','Grafica de Ingresos y Egresos - Periodo: 2011'),(3120,'admin','2011-07-23 16:50:27','Genera Informe','Grafica de Ingresos y Egresos - Periodo: 2011'),(3121,'admin','2011-07-26 18:35:31','Genera Informe','Grafica de Ingresos y Egresos - Periodo: 2011'),(3122,'admin','2011-07-26 18:41:28','Genera Informe','Grafica de Ingresos y Egresos - Periodo: 2011'),(3123,'admin','2011-07-26 18:43:18','Genera Informe','Grafica de Ingresos y Egresos - Periodo: 2011'),(3124,'admin','2011-07-26 18:43:45','Genera Informe','Grafica de Ingresos y Egresos - Periodo: 2011'),(3125,'admin','2011-07-26 18:48:50','Genera Informe','Grafica de Ingresos y Egresos - Periodo: 2011'),(3126,'admin','2011-07-26 18:49:46','Genera Informe','Grafica de Ingresos y Egresos - Periodo: 2011'),(3127,'admin','2011-07-26 18:50:51','Genera Informe','Grafica de Ingresos y Egresos - Periodo: 2010'),(3128,'admin','2011-07-26 18:51:11','Genera Informe','Grafica de Ingresos y Egresos - Periodo: 2011'),(3129,'admin','2011-07-26 18:51:24','Genera Informe','Grafica de Ingresos y Egresos - Periodo: 2010'),(3130,'admin','2011-07-26 18:53:16','Genera Informe','Grafica de Ingresos y Egresos - Periodo: 2010'),(3131,'admin','2011-07-26 19:00:19','Genera Informe','Grafica de Ingresos y Egresos - Periodo: 2011'),(3132,'admin','2011-07-26 19:00:27','Genera Informe','Grafica de Ingresos y Egresos - Periodo: 2010'),(3133,'admin','2011-07-26 19:00:57','Genera Informe','Grafica de Ingresos y Egresos - Periodo: 2008'),(3134,'admin','2011-07-26 19:01:05','Genera Informe','Grafica de Ingresos y Egresos - Periodo: 2011'),(3135,'admin','2011-07-26 19:02:24','Genera Informe','Grafica de Ingresos y Egresos - Periodo: 2011'),(3136,'admin','2011-07-26 19:02:56','Genera Informe','Grafica de Ingresos y Egresos - Periodo: 2011'),(3137,'admin','2012-07-26 19:05:09','Genera Informe','Grafica de Ingresos y Egresos - Periodo: 2011'),(3138,'admin','2012-07-26 19:05:32','Genera Informe','Grafica de Ingresos y Egresos - Periodo: 2012'),(3139,'admin','2011-07-26 20:27:14','Genera Informe','Grafica de Ingresos y Egresos - Periodo: 2011'),(3140,'admin','2011-07-26 20:28:50','Genera Informe','Grafica de Ingresos y Egresos - Periodo: 2011'),(3141,'admin','2011-07-26 20:41:14','Genera Informe','Grafica de Ingresos y Egresos - Periodo: 2011'),(3142,'admin','2011-07-26 20:41:30','Genera Informe','Historial de pagos periodo 2011'),(3143,'admin','2011-07-26 23:17:51','Genera Informe','Grafica de Ingresos y Egresos - Periodo: 2010'),(3144,'admin','2011-07-26 23:22:43','Genera Informe','Grafica de Ingresos y Egresos - Periodo: 2011'),(3145,'admin','2011-07-27 17:30:27','Genera Informe','Grafica de Ingresos y Egresos - Periodo: 2011'),(3146,'admin','2011-07-27 17:32:23','Genera Informe','Grafica de Ingresos y Egresos - Periodo: 2011'),(3147,'admin','2011-07-27 17:32:29','Genera Informe','Grafica de Ingresos y Egresos - Periodo: 2009'),(3148,'admin','2011-07-27 17:32:41','Genera Informe','Grafica de Ingresos y Egresos - Periodo: 2010'),(3149,'admin','2011-07-27 18:02:02','Genera Informe','Grafica de Ingresos y Egresos - Periodo: 2011'),(3150,'admin','2011-07-27 18:04:29','Genera Informe','Grafica de Ingresos y Egresos - Periodo: 2010'),(3151,'admin','2011-07-27 18:04:38','Genera Informe','Grafica de Ingresos y Egresos - Periodo: 2011'),(3152,'admin','2011-07-27 18:38:46','Agregar Cuota','Codigo: 13 Periodo: 11/2011'),(3153,'admin','2011-07-27 18:38:58','Agregar Cuota','Codigo: 14 Periodo: 12/2011'),(3154,'admin','2011-07-27 18:39:03','Agregar Cuota','Codigo: 15 Periodo: 10/2011'),(3155,'admin','2011-07-27 18:39:38','Agregar Ingreso','Codigo: 1374 27/07/2011 Nro:6493 Concepto:B10 Propietario:130'),(3156,'admin','2011-07-27 18:46:19','Genera Informe','Grafica de Ingresos y Egresos - Periodo: 2011'),(3157,'admin','2011-07-28 19:58:58','Modificar Usuario','jds Jorge Skibi'),(3158,'admin','2011-07-28 19:59:10','Modificar Usuario','jds Jorge Skibi'),(3159,'admin','2011-07-28 19:59:30','Modificar Usuario','jds Jorge Skibi'),(3160,'jds','2011-07-28 20:00:10','Genera Informe','Propietarios'),(3161,'admin','2014-07-28 20:26:54','Genera Informe','Grafica de Ingresos y Egresos - Periodo: 2011');

UNLOCK TABLES;

/*Table structure for table `propiedad` */

DROP TABLE IF EXISTS `propiedad`;

CREATE TABLE `propiedad` (
  `codigopropiedad` int(11) NOT NULL AUTO_INCREMENT,
  `Casa` int(11) NOT NULL DEFAULT '0',
  `manzana` char(2) NOT NULL DEFAULT '',
  PRIMARY KEY (`codigopropiedad`)
) ENGINE=InnoDB AUTO_INCREMENT=513 DEFAULT CHARSET=utf8;

/*Data for the table `propiedad` */

LOCK TABLES `propiedad` WRITE;

insert  into `propiedad`(`codigopropiedad`,`Casa`,`manzana`) values (1,1,'A'),(2,2,'A'),(3,3,'A'),(4,4,'A'),(5,5,'A'),(6,6,'A'),(7,7,'A'),(8,8,'A'),(9,9,'A'),(10,10,'A'),(11,11,'A'),(12,12,'A'),(13,13,'A'),(14,14,'A'),(15,15,'A'),(39,16,'A'),(40,17,'A'),(41,18,'A'),(42,19,'A'),(43,20,'A'),(44,21,'A'),(45,1,'B'),(46,2,'B'),(47,3,'B'),(48,4,'B'),(49,5,'B'),(50,6,'B'),(51,7,'B'),(52,8,'B'),(53,9,'B'),(54,10,'B'),(55,11,'B'),(56,12,'B'),(57,13,'B'),(58,14,'B'),(59,15,'B'),(60,16,'B'),(61,17,'B'),(62,18,'B'),(63,19,'B'),(64,20,'B'),(65,21,'B'),(66,1,'D'),(67,2,'D'),(68,3,'D'),(69,4,'D'),(70,5,'D'),(71,6,'D'),(72,7,'D'),(73,8,'D'),(74,9,'D'),(75,10,'D'),(76,11,'D'),(77,12,'D'),(78,13,'D'),(79,14,'D'),(80,15,'D'),(81,16,'D'),(82,17,'D'),(83,18,'D'),(84,19,'D'),(85,20,'D'),(86,21,'D'),(87,22,'D'),(88,23,'D'),(89,1,'E'),(90,2,'E'),(91,3,'E'),(92,4,'E'),(93,5,'E'),(94,6,'E'),(95,7,'E'),(96,8,'E'),(97,9,'E'),(98,10,'E'),(99,11,'E'),(100,12,'E'),(101,13,'E'),(102,14,'E'),(103,15,'E'),(104,16,'E'),(105,17,'E'),(106,18,'E'),(107,19,'E'),(108,20,'E'),(109,21,'E'),(110,22,'E'),(111,23,'E'),(112,1,'F'),(113,2,'F'),(114,3,'F'),(115,4,'F'),(116,5,'F'),(117,6,'F'),(118,7,'F'),(119,8,'F'),(120,9,'F'),(121,10,'F'),(122,11,'F'),(123,12,'F'),(124,13,'F'),(125,14,'F'),(126,15,'F'),(127,16,'F'),(128,17,'F'),(129,18,'F'),(130,19,'F'),(131,20,'F'),(132,21,'F'),(133,1,'G'),(134,2,'G'),(135,3,'G'),(136,4,'G'),(137,5,'G'),(138,6,'G'),(139,7,'G'),(140,8,'G'),(141,9,'G'),(142,10,'G'),(143,11,'G'),(144,12,'G'),(145,13,'G'),(146,14,'G'),(147,15,'G'),(148,16,'G'),(149,17,'G'),(150,18,'G'),(151,19,'G'),(152,20,'G'),(153,21,'G'),(154,1,'H'),(155,2,'H'),(156,3,'H'),(157,4,'H'),(158,5,'H'),(159,6,'H'),(160,7,'H'),(161,8,'H'),(162,9,'H'),(163,10,'H'),(164,11,'H'),(165,12,'H'),(166,13,'H'),(167,14,'H'),(168,15,'H'),(169,16,'H'),(170,17,'H'),(171,18,'H'),(172,19,'H'),(173,20,'H'),(174,21,'H'),(175,1,'J'),(176,2,'J'),(177,3,'J'),(178,4,'J'),(179,5,'J'),(180,6,'J'),(181,7,'J'),(182,8,'J'),(183,9,'J'),(184,10,'J'),(185,11,'J'),(186,12,'J'),(187,1,'K'),(188,2,'K'),(189,3,'K'),(190,4,'K'),(191,5,'K'),(192,6,'K'),(193,7,'K'),(194,8,'K'),(195,9,'K'),(196,10,'K'),(197,11,'K'),(198,12,'K'),(199,13,'K'),(200,14,'K'),(201,15,'K'),(202,16,'K'),(203,17,'K'),(204,18,'K'),(205,19,'K'),(206,20,'K'),(207,21,'K'),(208,22,'K'),(209,23,'K'),(210,24,'K'),(211,25,'K'),(212,26,'K'),(213,27,'K'),(214,28,'K'),(215,29,'K'),(216,30,'K'),(217,31,'K'),(218,32,'K'),(219,1,'L'),(220,2,'L'),(221,3,'L'),(222,4,'L'),(223,5,'L'),(224,6,'L'),(225,7,'L'),(226,8,'L'),(227,9,'L'),(228,10,'L'),(229,11,'L'),(230,12,'L'),(231,13,'L'),(232,14,'L'),(233,15,'L'),(234,16,'L'),(235,17,'L'),(236,18,'L'),(237,19,'L'),(238,20,'L'),(239,21,'L'),(240,22,'L'),(241,23,'L'),(242,24,'L'),(243,25,'L'),(244,26,'L'),(245,27,'L'),(246,28,'L'),(247,29,'L'),(248,30,'L'),(249,31,'L'),(250,32,'L'),(251,1,'M'),(252,2,'M'),(253,3,'M'),(254,4,'M'),(255,5,'M'),(256,6,'M'),(257,7,'M'),(258,8,'M'),(259,9,'M'),(260,10,'M'),(261,11,'M'),(262,12,'M'),(263,13,'M'),(264,14,'M'),(265,15,'M'),(266,16,'M'),(267,17,'M'),(268,18,'M'),(269,19,'M'),(270,20,'M'),(271,21,'M'),(272,22,'M'),(273,23,'M'),(274,24,'M'),(275,25,'M'),(276,26,'M'),(277,1,'N'),(278,2,'N'),(279,3,'N'),(280,4,'N'),(281,5,'N'),(282,6,'N'),(283,7,'N'),(284,8,'N'),(285,9,'N'),(286,10,'N'),(287,11,'N'),(288,12,'N'),(289,13,'N'),(290,14,'N'),(291,15,'N'),(292,16,'N'),(293,17,'N'),(294,18,'N'),(295,19,'N'),(296,20,'N'),(297,21,'N'),(298,22,'N'),(299,23,'N'),(300,24,'N'),(301,25,'N'),(302,1,'P'),(303,2,'P'),(304,3,'P'),(305,4,'P'),(306,5,'P'),(307,6,'P'),(308,7,'P'),(309,8,'P'),(310,9,'P'),(311,10,'P'),(312,11,'P'),(313,12,'P'),(314,13,'P'),(315,14,'P'),(316,15,'P'),(317,16,'P'),(318,17,'P'),(319,18,'P'),(320,19,'P'),(321,20,'P'),(322,21,'P'),(323,22,'P'),(324,23,'P'),(325,24,'P'),(326,25,'P'),(327,26,'P'),(328,27,'P'),(329,28,'P'),(330,29,'P'),(331,30,'P'),(332,31,'P'),(333,32,'P'),(334,1,'Q'),(335,2,'Q'),(336,3,'Q'),(337,4,'Q'),(338,5,'Q'),(339,6,'Q'),(340,7,'Q'),(341,8,'Q'),(342,9,'Q'),(343,10,'Q'),(344,11,'Q'),(345,12,'Q'),(346,13,'Q'),(347,14,'Q'),(348,15,'Q'),(349,16,'Q'),(350,17,'Q'),(351,18,'Q'),(352,19,'Q'),(353,20,'Q'),(354,21,'Q'),(355,22,'Q'),(356,23,'Q'),(357,24,'Q'),(358,25,'Q'),(359,26,'Q'),(360,27,'Q'),(361,28,'Q'),(362,29,'Q'),(363,30,'Q'),(364,31,'Q'),(365,32,'Q'),(366,1,'R'),(367,2,'R'),(368,3,'R'),(369,4,'R'),(370,5,'R'),(371,6,'R'),(372,7,'R'),(373,8,'R'),(374,9,'R'),(375,10,'R'),(376,11,'R'),(377,12,'R'),(378,13,'R'),(379,14,'R'),(380,15,'R'),(381,16,'R'),(382,17,'R'),(383,18,'R'),(384,19,'R'),(385,20,'R'),(386,21,'R'),(387,22,'R'),(388,23,'R'),(389,24,'R'),(390,25,'R'),(391,26,'R'),(392,1,'S'),(393,2,'S'),(394,3,'S'),(395,4,'S'),(396,5,'S'),(397,6,'S'),(398,7,'S'),(399,8,'S'),(400,9,'S'),(401,10,'S'),(402,11,'S'),(403,12,'S'),(404,13,'S'),(405,14,'S'),(406,15,'S'),(407,16,'S'),(408,17,'S'),(409,18,'S'),(410,19,'S'),(411,20,'S'),(412,21,'S'),(413,22,'S'),(414,23,'S'),(415,24,'S'),(416,25,'S'),(417,26,'S'),(418,27,'S'),(419,28,'S'),(420,29,'S'),(421,30,'S'),(422,31,'S'),(423,32,'S'),(424,1,'T'),(425,2,'T'),(426,3,'T'),(427,4,'T'),(428,5,'T'),(429,6,'T'),(430,7,'T'),(431,8,'T'),(432,9,'T'),(433,10,'T'),(434,11,'T'),(435,12,'T'),(436,13,'T'),(437,14,'T'),(438,15,'T'),(439,16,'T'),(440,17,'T'),(441,18,'T'),(442,19,'T'),(443,20,'T'),(444,21,'T'),(445,22,'T'),(446,23,'T'),(447,24,'T'),(448,25,'T'),(449,26,'T'),(450,27,'T'),(451,28,'T'),(452,29,'T'),(453,30,'T'),(454,31,'T'),(455,32,'T'),(456,1,'U'),(457,2,'U'),(458,3,'U'),(459,4,'U'),(460,5,'U'),(461,6,'U'),(462,7,'U'),(463,8,'U'),(464,9,'U'),(465,10,'U'),(466,11,'U'),(467,12,'U'),(468,13,'U'),(469,14,'U'),(470,15,'U'),(471,16,'U'),(472,17,'U'),(473,18,'U'),(474,19,'U'),(475,20,'U'),(476,21,'U'),(477,22,'U'),(478,23,'U'),(479,24,'U'),(480,25,'U'),(481,26,'U'),(482,27,'U'),(483,28,'U'),(484,1,'V'),(485,2,'V'),(486,3,'V'),(487,4,'V'),(488,5,'V'),(489,6,'V'),(490,7,'V'),(491,8,'V'),(492,9,'V'),(493,10,'V'),(494,11,'V'),(495,12,'V'),(496,13,'V'),(497,14,'V'),(498,15,'V'),(499,16,'V'),(500,17,'V'),(501,18,'V'),(502,19,'V'),(503,20,'V'),(504,21,'V'),(505,22,'V'),(506,23,'V'),(507,24,'V'),(508,25,'V'),(509,26,'V'),(510,27,'V'),(511,28,'V'),(512,1,'Z');

UNLOCK TABLES;

/*Table structure for table `propietarios` */

DROP TABLE IF EXISTS `propietarios`;

CREATE TABLE `propietarios` (
  `codigo` int(11) NOT NULL DEFAULT '0',
  `apellido` char(50) DEFAULT NULL,
  `nombre` char(50) DEFAULT NULL,
  `telefono` char(50) DEFAULT NULL,
  `mail` char(50) DEFAULT NULL,
  `codigopropiedad` int(11) NOT NULL DEFAULT '0',
  `calle` char(50) DEFAULT NULL,
  `numerocalle` char(5) DEFAULT NULL,
  `tipopago` tinyint(3) NOT NULL DEFAULT '0',
  `deshabilitado` smallint(1) DEFAULT '0',
  PRIMARY KEY (`codigo`),
  KEY `FK_CodigoPropiedad` (`codigopropiedad`),
  KEY `FK_Propietarios_TipoPago` (`tipopago`),
  CONSTRAINT `FK_CodigoPropiedad` FOREIGN KEY (`codigopropiedad`) REFERENCES `propiedad` (`codigopropiedad`),
  CONSTRAINT `FK_Propietarios_TipoPago` FOREIGN KEY (`tipopago`) REFERENCES `tipopago` (`tipopago`) ON UPDATE CASCADE
) ENGINE=InnoDB DEFAULT CHARSET=utf8;

/*Data for the table `propietarios` */

LOCK TABLES `propietarios` WRITE;

insert  into `propietarios`(`codigo`,`apellido`,`nombre`,`telefono`,`mail`,`codigopropiedad`,`calle`,`numerocalle`,`tipopago`,`deshabilitado`) values (1,'Pomo','Cristian','4347844','cristianpomo@hotmail.com',48,'Martin Rodriguez','2017',1,0),(2,'Lastra','Marcelo',NULL,'marceloflastra@hotmail.com',262,NULL,NULL,1,0),(3,'Chalup','Sergio',NULL,'sergiochalup@hotmail.com',390,NULL,NULL,1,0),(4,'robles','VICENTE','','',179,'','',1,0),(5,'PUCCI','SERGIO','','',129,'','',2,0),(6,'CORREA','MARTA','','',151,'','',1,0),(7,'krapovickas','teresa','','',156,'','',1,0),(8,'moglia','sergio','','',158,'','',2,0),(9,'figueroa','victoria','','',106,'','',1,0),(10,'dip','marcelo',NULL,NULL,96,NULL,NULL,1,0),(11,'pendiente','celeste','','',243,'','',2,0),(12,'meriglio','mariela','','',209,'','',1,0),(13,'alabi','marcelo','','',190,'','',1,0),(14,'asat','julieta','','',192,'','',1,0),(15,'vizcarra','gabriel','','',199,'','',1,0),(16,'correa','jorge','','',204,'','',1,0),(17,'lech','sergio','','',222,'','',2,0),(18,'medina','silvina','','',51,'','',1,0),(19,'cosentino','trinidad','','',53,'','',1,0),(20,'pendiente','raul','','',50,'','',1,0),(21,'gonzalez','diego','','',46,'','',1,0),(22,'gutierres','alberto','','',70,'','',1,0),(23,'grazzeto','juan','','',69,'','',1,0),(24,'cattaneo','blanca','','',80,'','',2,0),(25,'ramasco','carlos','','',79,'','',1,0),(26,'pendiente','rodolfo','','',88,'','',2,0),(27,'pendiente','gabriela','','',119,'','',2,0),(28,'cusumano','sergio','','',208,'','',2,0),(29,'diambra','daniel','','',42,'','',1,0),(30,'persa','lucia','','',297,'','',2,0),(31,'miranda','yeni',NULL,NULL,93,NULL,NULL,1,0),(32,'lauria','valeria','','',75,'','',2,0),(33,'torres auad','pablo','','',94,'','',1,0),(34,'ferrer','antonio','','',102,'','',1,0),(35,'sanches','julian','','',294,'','',1,0),(36,'novella','pablo','','',289,'','',1,0),(37,'pendiente','pendiente','','',385,'','',1,0),(38,'garcia','susana','','',371,'','',1,0),(39,'grosso','pendiente','','',370,'','',2,0),(40,'aguero','marcelo','','',369,'','',1,0),(41,'acevedo','miguel','','',263,'','',1,0),(42,'romero','monica','','',272,'','',2,0),(43,'pendiente','pendiente','','',114,'','',1,0),(44,'bustamante','silvia','','',189,'','',2,0),(45,'rodriguez','analia','','',181,'','',1,0),(46,'fortini','oscar',NULL,NULL,163,NULL,NULL,1,0),(47,'garcia','carlos',NULL,NULL,165,NULL,NULL,1,0),(48,'lazarte','fernando','','',167,'','',2,0),(49,'fortini','matias','','',168,'','',1,0),(50,'pujol','pendiente','','',170,'','',2,0),(51,'venturelli','pendiente','','',154,'','',1,0),(52,'abaca','sandra','','',152,'','',2,0),(53,'goi','angela','','',377,'','',1,0),(54,'sanches','luis','','',285,'','',1,0),(55,'juan','pendiente','','',277,'','',1,0),(56,'ojeda','silvina',NULL,NULL,108,NULL,NULL,1,0),(57,'arias','santiago',NULL,NULL,92,NULL,NULL,1,0),(58,'garcia','fatima','','',105,'','',2,0),(59,'muroni','esteban','','',279,'','',2,0),(60,'rodriguez','carlos','','',388,'','',1,0),(61,'brodersen','juan carlos','','',384,'','',2,0),(62,'manzano','ariel',NULL,NULL,60,NULL,NULL,1,0),(63,'michal','monica','','',72,'','',1,0),(64,'mesias','marcelo','','',121,'','',1,0),(65,'morales','yolanda','','',150,'','',2,0),(66,'lopez','hugo','','',143,'','',2,0),(67,'rubino','antonia','','',112,'','',2,0),(68,'romero','nestor','','',132,'','',1,0),(69,'mercusa','adrian','','',107,'','',1,0),(70,'alves','fernanda',NULL,NULL,246,NULL,NULL,1,0),(71,'juarez','claudio','','',368,'','',1,0),(72,'rodriguez','luis','','',11,'','',1,0),(73,'ibarra','rafael','','',191,'','',1,0),(74,'soria','jorge','','',336,'','',2,0),(75,'garcia','cintia','','',292,'','',1,0),(76,'pendiente','graciela','','',275,'','',1,0),(77,'carol','sergio','','',130,'','',1,0),(78,'acosta','sergio','','',66,'','',1,0),(79,'ale','pendiente','','',67,'','',1,0),(80,'frias','pendiente','','',177,'','',1,0),(81,'mina','bruno','','',392,'','',1,0),(82,'formoso','martin','','',374,'','',1,0),(83,'autino','pendiente','','',359,'','',1,0),(84,'leiva','pedro pablo','','',144,'','',2,0),(85,'cabral','hugo','','',166,'','',1,0),(86,'pendiente','pedro','','',14,'','',1,0),(87,'palomo','mario','','',213,'','',1,0),(88,'gabar','fatima','','',269,'','',1,0),(89,'gomez','rodolfo','','',286,'','',1,0),(90,'martinez','pendiente','','',349,'','',1,0),(91,'alvarado','marianela','','',287,'','',1,0),(92,'lizarraga','nora','','',141,'','',2,0),(93,'teran','teresa','','',47,'','',1,0),(94,'pendiente','sebastian','','',268,'','',1,0),(95,'mansilla','mario','','',249,'','',1,0),(96,'perez','felipe','','',211,'','',2,0),(97,'olivera','noemi','','',49,'','',2,0),(98,'parajon','enrique','','',379,'','',1,0),(99,'musa','humberto','','',366,'','',1,0),(100,'adad','pendiente','','',376,'','',1,0),(101,'arias','paula','','',300,'','',1,0),(102,'pendiente','karina','','',290,'','',1,0),(103,'filgueira','fernando','','',82,'','',1,0),(104,'frontini','eduardo','','',147,'','',1,0),(105,'cruz','roberto','','',157,'','',1,0),(106,'cordomi','maria','','',378,'','',2,0),(107,'villalba','pendiente','','',162,'','',2,0),(108,'araoz','pendiente','','',233,'','',1,0),(109,'villafae','marcos',NULL,NULL,228,NULL,NULL,2,0),(110,'chalave','elena',NULL,NULL,193,NULL,NULL,1,0),(111,'gonzalez vargas','pablo','','',281,'','',1,0),(112,'romero','pendiente','','',266,'','',2,0),(113,'bulgos','pendientes','','',113,'','',2,0),(114,'gutierrez','claudia','','',103,'','',2,0),(115,'tirone','viviana','','',77,'','',2,0),(116,'velasco','veronica','','',257,'','',2,0),(117,'lamoglia','cristian',NULL,NULL,382,NULL,NULL,1,0),(118,'herrera','matias','','',278,'','',1,0),(119,'fierro','jorge','','',146,'','',1,0),(120,'marcoccia','luis','','',198,'','',1,0),(121,'bocanera','pendiente','','',215,'','',1,0),(122,'kats','monica','','',267,'','',1,0),(123,'rubio','diana','','',298,'','',1,0),(124,'vera','leonardo','','',386,'','',2,0),(125,'salazar','carolina','','',293,'','',1,0),(126,'piazza','gladis','','',178,'','',1,0),(127,'laurent','marcos','','',180,'','',1,0),(128,'nadal','ramon','','',81,'','',2,0),(129,'pendiente','gabriela','','',15,'','',1,0),(130,'rudeli','pablo','','',4,'','',1,0),(131,'barbaglia','raul','','',422,'','',1,0),(132,'martinez','elvio','','',299,'','',2,0),(133,'pendiente','gabriel','','',206,'','',1,0),(134,'palavecino','mercedes','','',207,'','',2,0),(135,'flores','julio','','',229,'','',1,0),(136,'pendiente','romina','','',225,'','',1,0),(137,'gacioppo','silvina','','',164,'','',1,0),(138,'pendiente','raul','','',171,'','',2,0),(139,'kairuz','jose',NULL,NULL,155,NULL,NULL,1,0),(140,'dumeynieu','carolina','','',89,'','',1,0),(141,'dandrea','roberto','','',111,'','',1,0),(142,'avila','pendiente','','',43,'','',2,0),(143,'carlorosi','angel','','',74,'','',1,0),(144,'figuero','manuel','','',95,'','',1,0),(145,'montenegro','pendiente','','',91,'','',2,0),(146,'pendiente','marta','','',232,'','',2,0),(147,'duran','cristian','','',127,'','',1,0),(148,'ponce','pendiente','','',235,'','',2,0),(149,'barrionuevo','francisco',NULL,NULL,393,NULL,NULL,1,0),(150,'soria','sandra','','',13,'','',1,0),(151,'lobo pea','luis','','',58,'','',2,0),(152,'juarez','elena','','',71,'','',1,0),(153,'arce','analia','','',394,'','',1,0),(154,'saravia','alejandro','','',303,'','',1,0),(155,'mata','pendiente','','',304,'','',1,0),(156,'juarez sanches','nestor','','',459,'','',2,0),(157,'cremona','maria','','',464,'','',2,0),(158,'saldao','adolfo','','',333,'','',1,0),(159,'catro','gonzalo','','',324,'','',2,0),(160,'homsi','riad','','',446,'','',2,0),(161,'lascano','jorge','','',335,'','',2,0),(162,'palavecino','ana','','',365,'','',2,0),(163,'algaaraz','pablo','','',317,'','',1,0),(164,'avila','adrian','','',507,'','',1,0),(165,'humaran','mariela','','',346,'','',2,0),(166,'vallejos','marta','','',487,'','',2,0),(167,'vece acotto','marta','','',483,'','',1,0),(168,'vece acotto','marta','','',247,'','',1,0),(169,'figueroa','maria',NULL,NULL,491,NULL,NULL,2,0),(170,'dimani','fabricio','','',473,'','',1,0),(171,'ahualli','pendiente','','',492,'','',2,0),(172,'soriano','pedro','','',493,'','',2,0),(173,'galvan','teresa','','',494,'','',2,0),(174,'kenntner','carlos','','',504,'','',2,0),(175,'delajara','pendiente','','',344,'','',2,0),(176,'gomez','silvia','','',505,'','',2,0),(177,'olazabal','maria',NULL,NULL,451,NULL,NULL,1,0),(178,'herrera','fabiola','','',479,'','',2,0),(179,'parodi','pendiente','','',329,'','',1,0),(180,'auad','pendiente','','',319,'','',1,0),(181,'lazarte','ricardo','','',318,'','',1,0),(182,'vionet','martin','','',316,'','',1,0),(183,'grosso','esteban','','',313,'','',1,0),(184,'furtado','antonio','','',310,'','',2,0),(185,'schevermann','gustavo','','',308,'','',2,0),(186,'correa','adrian','','',417,'','',1,0),(187,'isla','adriana','','',469,'','',1,0),(188,'tartalo','manuel','','',434,'','',2,0),(189,'patti','javier','','',396,'','',2,0),(190,'rodriguez','maria','','',402,'','',1,0),(191,'visiconte','alejandro','','',449,'','',1,0),(192,'bejas','raul','','',444,'','',1,0),(193,'valdez','carlos','','',465,'','',1,0),(194,'zelarayan','pendiente','','',477,'','',2,0),(195,'mostajo','miguel','','',474,'','',2,0),(196,'medina','julio','','',471,'','',2,0),(197,'del negro','maria','','',497,'','',1,0),(198,'barbaglia','mariana','','',499,'','',2,0),(199,'villalobo','luis','','',404,'','',2,0),(200,'bocos','ricardo','','',302,'','',1,0),(201,'haro','jose','','',429,'','',1,0),(202,'allende','sergio','','',400,'','',1,0),(203,'weyerstall','adrian','','',407,'','',1,0),(204,'montero','alberto','','',360,'','',2,0),(205,'arrieta','maria','','',306,'','',1,0),(206,'frontini','guillermo','','',334,'','',1,0),(207,'corrales','hernan','','',412,'','',2,0),(208,'rospide','maria','','',418,'','',1,0),(209,'iigo','marcos','','',361,'','',2,0),(210,'bautista','marcelo','','',416,'','',1,0),(211,'perez','maria','','',452,'','',2,0),(212,'gramajo marti','maria',NULL,NULL,403,NULL,NULL,1,0),(213,'aurane','alvaro','','',405,'','',1,0),(214,'hernandez','luis','','',447,'','',2,0),(215,'magaldi','luis','','',424,'','',1,0),(216,'medina','pendiente','','',453,'','',1,0),(217,'esquivel','pablo','','',423,'','',1,0),(218,'molina','carolina','','',309,'','',2,0),(219,'delisi','emilio','','',364,'','',2,0),(220,'stanich','fernando','','',436,'','',1,0),(221,'ivankow','teresa','','',406,'','',2,0),(222,'lopez','cesar','','',439,'','',1,0),(223,'barrera','marcia','','',506,'','',1,0),(224,'graa','pendiente','','',480,'','',1,0),(225,'elias','ariel','','',455,'','',1,0),(226,'romero','manuel','','',463,'','',2,0),(227,'barrionuevo','gustavo','','',437,'','',2,0),(228,'pergolesi','gustavo','','',438,'','',1,0),(229,'barros','jorge','','',466,'','',1,0),(230,'naraskevicius','alejandro','','',445,'','',1,0),(231,'dulout','fernando','','',398,'','',2,0),(232,'loustau','raul','','',430,'','',1,0),(233,'jerez','nestor','','',431,'','',1,0),(234,'camacho','jose','','',435,'','',2,0),(235,'toledo','ruben','','',433,'','',1,0),(236,'almaraz','claudia','','',226,'','',2,0),(237,'ferrari','pendiente','','',184,'','',1,0),(238,'petray','pendiente','','',73,'','',1,0),(239,'arias','german','','',104,'','',1,0),(240,'leal','raul','','',187,'','',2,0),(241,'aguero','fabricio','','',126,'','',1,0),(242,'saravia','pedro','','',312,'','',1,0),(244,'brandan','luis','','',415,'','',1,0),(245,'de la orden','ruben','','',332,'','',1,0),(246,'petrino','ruben','','',502,'','',1,0),(247,'rivadeneira','carlos','','',420,'','',1,0),(248,'miranda','carlos','','',203,'','',1,0),(249,'monteros','javier','','',172,'','',1,0),(250,'salomon','walter','','',380,'','',1,0),(251,'sandonis','alejandro','','',311,'','',2,0),(252,'bonano','analia','','',343,'','',1,0),(253,'blog','gabriel','','',205,'','',1,0),(254,'canevaro','jorge','','',510,'','',1,0),(255,'martinez','diego','','',486,'','',1,0),(256,'ulrich','leandro','','',488,'','',1,0),(257,'olea','hugo','','',219,'','',2,0),(258,'pereyra','pablo','','',362,'','',2,0),(259,'garcia','ileana','','',230,'','',1,0),(260,'gomez','gustavo','','',9,'','',1,0),(261,'stenvers','eduardo','','',1,'','',1,0),(262,'sujeros','juan','','',183,'','',2,0),(263,'gomez','patricia','','',10,'','',2,0),(264,'sal','carlos','','',251,'','',1,0),(265,'marassa','alejandro','','',186,'','',1,0),(266,'assi','sergio',NULL,NULL,8,NULL,NULL,1,0),(267,'ruiz','francisco','','',176,'','',1,0),(268,'uruea','angel','','',250,'','',2,0),(269,'collazos','alberto','','',7,'','',1,0),(270,'galvez','oscar','','',245,'','',1,0),(271,'daneri','gonzalo','','',498,'','',1,0),(272,'araoz','fabian','','',6,'','',1,0),(273,'portillo','omar','','',326,'','',1,0),(274,'martinini','pablo','','',212,'','',2,0),(275,'machado','sergio','','',271,'','',2,0),(276,'ruiz','sebastian','','',457,'','',2,0),(277,'ledesma','daniel','','',458,'','',2,0),(278,'albornoz','dario','','',188,'','',2,0),(279,'andrada','jose','','',387,'','',2,0),(280,'rodriguez','marcelo','','',62,'','',1,0),(281,'elli','ricardo','','',227,'','',1,0),(282,'pendiente','clara','','',145,'','',2,0),(283,'mercado vides','pendiente','','',44,'','',1,0),(284,'marcaida','hector','','',450,'','',2,0),(285,'sarlenga','adriano','','',414,'','',2,0),(286,'guzman','sergio','','',478,'','',1,0),(287,'herazu','hector','','',448,'','',2,0),(288,'toledo','jose','','',472,'','',2,0),(289,'pendiente','virginia','','',223,'','',1,0),(290,'elli','ricardo','','',237,'','',1,0),(291,'palacio','gonzalo','','',295,'','',1,0),(292,'maza','miguel','','',509,'','',2,0),(293,'pendiente','pendiente','','',134,'','',1,0),(294,'pendiente','pendiente','','',339,'','',1,0),(295,'pendiente','pendiente','','',467,'','',1,0),(296,'martinez','pendiente','','',148,'','',2,0),(297,'avila','pendiente','','',173,'','',1,0),(298,'martinez','pendiente','','',234,'','',1,0),(299,'pendiente','pendiente','','',274,'','',2,0),(300,'pendiente','pablo','','',288,'','',1,0),(301,'chaila','pendiente','','',90,'','',1,0),(302,'pendiente','lauria','','',68,'','',2,0),(303,'del sastre','pendiente','','',468,'','',2,0),(304,'fernandez','hugo','','',100,'','',1,0),(305,'lopez','daniel','','',441,'','',2,0),(306,'prieto','fernando','','',496,'','',2,0),(307,'maza','miguel angel','','',508,'','',1,0),(308,'miglio','silvio','','',419,'','',2,0),(309,'diaz','rosario','','',440,'','',2,0),(310,'cruzado','pablo','','',194,'','',2,0),(311,'riat','arturo','','',185,'','',1,0),(312,'herrera','juan','','',52,'','',2,0),(313,'del valle','ramiro','','',482,'','',1,0),(314,'Anulado','Anulado','','',218,'','',1,0),(315,'garcia','cintia','','',282,'','',1,0),(316,'leiva','pendiente','','',428,'','',1,0),(317,'Anulado','Anulado','','',512,'','',1,0),(318,'verduleria','pendiente','','',239,'','',2,0),(319,'pendiente','mirta','','',315,'','',2,0),(320,'recabarre','martin','','',357,'','',2,0),(321,'pendiente','mirian','','',348,'','',2,0),(322,'pendiente','martin','','',200,'','',1,0),(323,'mena','pendiente','','',305,'','',2,0),(324,'cordomina','pendiente','','',454,'','',1,0),(325,'caseres','pendiente','','',196,'','',1,0);

UNLOCK TABLES;

/*Table structure for table `talonarios` */

DROP TABLE IF EXISTS `talonarios`;

CREATE TABLE `talonarios` (
  `codigotalonario` int(11) NOT NULL DEFAULT '0',
  `codigocomprobante` tinyint(3) NOT NULL DEFAULT '0',
  `numerodesde` int(11) NOT NULL DEFAULT '0',
  `numerohasta` int(11) NOT NULL DEFAULT '0',
  `estado` tinyint(3) NOT NULL DEFAULT '1',
  `codigocobrador` int(11) NOT NULL DEFAULT '0',
  PRIMARY KEY (`codigotalonario`),
  KEY `FK_Talonarios_Cobrador` (`codigocobrador`),
  KEY `FK_Comprobante` (`codigocomprobante`),
  CONSTRAINT `FK_Comprobante` FOREIGN KEY (`codigocomprobante`) REFERENCES `comprobantes` (`codigocomprobante`),
  CONSTRAINT `FK_TalCobradorCobrCodigo` FOREIGN KEY (`codigocobrador`) REFERENCES `cobrador` (`codigocobrador`),
  CONSTRAINT `FK_Talonarios_Cobrador` FOREIGN KEY (`codigocobrador`) REFERENCES `cobrador` (`codigocobrador`)
) ENGINE=InnoDB DEFAULT CHARSET=utf8;

/*Data for the table `talonarios` */

LOCK TABLES `talonarios` WRITE;

insert  into `talonarios`(`codigotalonario`,`codigocomprobante`,`numerodesde`,`numerohasta`,`estado`,`codigocobrador`) values (1,1,5976,6000,3,1),(2,1,5951,5975,3,1),(3,1,6001,6025,3,1),(4,1,6026,6050,3,1),(5,1,6051,6075,3,1),(6,1,6076,6100,3,1),(7,1,6226,6250,3,1),(8,1,6251,6275,3,1),(9,1,5851,5875,1,1),(10,1,5801,5825,1,1),(11,1,6176,6200,3,2),(12,1,5926,5950,3,2),(13,1,6101,6125,3,2),(14,1,6126,6150,3,2),(15,1,6426,6450,1,1),(16,1,6551,6575,1,1),(17,1,6151,6175,3,4),(18,1,5826,5850,3,3),(19,1,6476,6500,1,2),(20,1,6951,6975,1,2),(21,1,6976,7000,1,2),(22,1,6901,6925,1,1),(23,1,6926,6950,3,1),(24,1,6401,6425,1,1),(25,1,6451,6475,3,1),(26,1,6201,6225,3,2),(27,1,6501,6525,3,2),(28,1,6651,6675,1,2),(29,1,6626,6650,3,1),(30,1,6576,6600,3,1),(31,1,6601,6625,1,1),(32,1,6726,6750,1,1),(33,1,6701,6725,1,1),(34,1,6676,6700,3,2),(35,1,6351,6375,1,3),(36,1,7026,7050,3,1),(37,1,6526,6550,1,1),(38,1,6276,6300,3,1),(39,1,7201,7225,1,4),(40,1,6301,6325,3,4),(41,1,6376,6400,3,3),(42,1,7126,7150,3,1),(43,1,7001,7025,3,1),(44,1,7101,7125,3,1),(45,1,7076,7100,3,1),(46,1,7051,7075,3,1),(47,1,7301,7325,1,5),(48,1,7276,7300,1,3),(49,1,7226,7250,1,1),(51,1,7176,7200,1,1),(52,1,7251,7275,1,1),(53,1,7326,7350,1,1),(54,1,7351,7375,1,1),(55,1,7376,7400,1,1),(56,1,7401,7425,1,5),(57,1,7426,7450,1,1);

UNLOCK TABLES;

/*Table structure for table `tipo` */

DROP TABLE IF EXISTS `tipo`;

CREATE TABLE `tipo` (
  `tipo` tinyint(3) NOT NULL AUTO_INCREMENT,
  `descripcion` char(20) DEFAULT NULL,
  PRIMARY KEY (`tipo`)
) ENGINE=InnoDB AUTO_INCREMENT=3 DEFAULT CHARSET=utf8;

/*Data for the table `tipo` */

LOCK TABLES `tipo` WRITE;

insert  into `tipo`(`tipo`,`descripcion`) values (1,'INGRESO'),(2,'EGRESO');

UNLOCK TABLES;

/*Table structure for table `tipopago` */

DROP TABLE IF EXISTS `tipopago`;

CREATE TABLE `tipopago` (
  `tipopago` tinyint(3) NOT NULL AUTO_INCREMENT,
  `descripcion` char(20) DEFAULT NULL,
  PRIMARY KEY (`tipopago`)
) ENGINE=InnoDB AUTO_INCREMENT=3 DEFAULT CHARSET=utf8;

/*Data for the table `tipopago` */

LOCK TABLES `tipopago` WRITE;

insert  into `tipopago`(`tipopago`,`descripcion`) values (1,'NORMAL'),(2,'DIFERENCIAL');

UNLOCK TABLES;

/*Table structure for table `usuariogrupo` */

DROP TABLE IF EXISTS `usuariogrupo`;

CREATE TABLE `usuariogrupo` (
  `codigogrupo` tinyint(3) NOT NULL AUTO_INCREMENT,
  `descripcion` varchar(30) DEFAULT NULL,
  PRIMARY KEY (`codigogrupo`)
) ENGINE=InnoDB AUTO_INCREMENT=4 DEFAULT CHARSET=utf8;

/*Data for the table `usuariogrupo` */

LOCK TABLES `usuariogrupo` WRITE;

insert  into `usuariogrupo`(`codigogrupo`,`descripcion`) values (1,'ADMINISTRADOR'),(2,'SUPERVISOR'),(3,'OPERADOR');

UNLOCK TABLES;

/*Table structure for table `usuarios` */

DROP TABLE IF EXISTS `usuarios`;

CREATE TABLE `usuarios` (
  `usuario` char(20) NOT NULL DEFAULT '',
  `nombrecompleto` char(30) DEFAULT NULL,
  `password` char(60) DEFAULT NULL,
  `codigogrupo` tinyint(3) NOT NULL DEFAULT '0',
  PRIMARY KEY (`usuario`),
  KEY `FK_Usuarios_Grupo` (`codigogrupo`),
  CONSTRAINT `FK_Usuarios_Grupo` FOREIGN KEY (`codigogrupo`) REFERENCES `usuariogrupo` (`codigogrupo`) ON UPDATE CASCADE
) ENGINE=InnoDB DEFAULT CHARSET=utf8 ROW_FORMAT=FIXED;

/*Data for the table `usuarios` */

LOCK TABLES `usuarios` WRITE;

insert  into `usuarios`(`usuario`,`nombrecompleto`,`password`,`codigogrupo`) values ('admin','Administrador del Sistema','c4ca4238a0b923820dcc509a6f75849b',1),('admin2','jds','202cb962ac59075b964b07152d234b70',1),('asfdasdfasdfasdfasdf','asdfasdfasdfasdfasdfasfdasdfas','202cb962ac59075b964b07152d234b70',1),('Cristian','Cristian Pomo','202cb962ac59075b964b07152d234b70',2),('garafa','garafa','912ec803b2ce49e4a541068d495ab570',2),('jds','Jorge Skibi','c4ca4238a0b923820dcc509a6f75849b',3),('jose','jose','21232f297a57a5a743894a0e4a801fc3',1),('maraca','maraca','202cb962ac59075b964b07152d234b70',3),('Marcelo','Marcelo Lastra','abeccf9ae147d85436534371f961c95b',3),('pomo','pomo','df66801ad38f0fd2994608d9b3be80c9',3),('xxx','xxx','f561aaf6ef0bf14d4208bb46a4ccb3ad',2);

UNLOCK TABLES;

/* Procedure structure for procedure `SP_Cobrador` */

/*!50003 DROP PROCEDURE IF EXISTS  `SP_Cobrador` */;

DELIMITER $$

/*!50003 CREATE DEFINER=`root`@`localhost` PROCEDURE `SP_Cobrador`(
  p_nombre char(50),
  p_direccion char(50),
  p_telefono char(30)
)
BEGIN
        SET @p_codigocobrador = (SELECT if (ISNULL(MAX(codigocobrador)),1,(SELECT MAX(codigocobrador)+1)) FROM cobrador);
        INSERT  INTO Cobrador (codigocobrador, nombre, direccion, telefono)
        VALUES (@p_codigocobrador, p_nombre, p_direccion, p_telefono);
        SELECT @p_codigocobrador;
END */$$
DELIMITER ;

/* Procedure structure for procedure `SP_Comprobante` */

/*!50003 DROP PROCEDURE IF EXISTS  `SP_Comprobante` */;

DELIMITER $$

/*!50003 CREATE DEFINER=`root`@`localhost` PROCEDURE `SP_Comprobante`(
  p_descripcion char(25),
  p_tipo Tinyint(3)
)
BEGIN
        SET @p_codigo = (SELECT if (ISNULL(MAX(codigocomprobante)),1,(SELECT MAX(codigocomprobante)+1)) FROM comprobantes);
        INSERT  INTO comprobantes (codigocomprobante, descripcion, tipo)
        VALUES (@p_codigo, p_descripcion, p_tipo);
        SELECT @p_codigo;
END */$$
DELIMITER ;

/* Procedure structure for procedure `SP_Cuota` */

/*!50003 DROP PROCEDURE IF EXISTS  `SP_Cuota` */;

DELIMITER $$

/*!50003 CREATE DEFINER=`root`@`localhost` PROCEDURE `SP_Cuota`(
  p_periodomes Tinyint(3),
  p_periodoano int,
  p_importe double(10,2)
)
BEGIN
        SET @p_codigo = (SELECT if (ISNULL(MAX(codigo)),1,(SELECT MAX(codigo)+1)) FROM cuotas);
        INSERT INTO cuotas (codigo, periodomes, periodoano, importe)
        VALUES (@p_codigo, p_periodomes, p_periodoano, p_importe);
        SELECT @p_codigo;
END */$$
DELIMITER ;

/* Procedure structure for procedure `SP_Egreso` */

/*!50003 DROP PROCEDURE IF EXISTS  `SP_Egreso` */;

DELIMITER $$

/*!50003 CREATE DEFINER=`root`@`localhost` PROCEDURE `SP_Egreso`(
  p_fechacomprobante date,
  p_codigocomprobante Tinyint(3),
  p_numerocomprobante int,
  p_codigoconcepto char(3),
  p_descripcion varchar(50),
  p_total double(10,2)
)
BEGIN
        SET @p_codigo = (SELECT if (ISNULL(MAX(codigoegreso)),1,(SELECT MAX(codigoegreso)+1)) FROM egresos);
        INSERT INTO egresos (codigoegreso, fechacomprobante, fechacarga, codigocomprobante, numerocomprobante, codigoconcepto, estado, descripcion, total)
        VALUES (@p_codigo, p_fechacomprobante, now(), p_codigocomprobante, p_numerocomprobante, p_codigoconcepto, 1, p_descripcion, p_total);
        SELECT @p_codigo;
END */$$
DELIMITER ;

/* Procedure structure for procedure `SP_Ingreso` */

/*!50003 DROP PROCEDURE IF EXISTS  `SP_Ingreso` */;

DELIMITER $$

/*!50003 CREATE DEFINER=`root`@`localhost` PROCEDURE `SP_Ingreso`(
  p_fechacomprobante date,
  p_codigocomprobante Tinyint(3),
  p_numerocomprobante int,
  p_codigoconcepto char(3),
  p_propietario int,
  p_periodomes Tinyint(3),
  p_periodoano int(5),
  p_total double(10,2)
)
BEGIN
        SET @p_codigo = (SELECT if (ISNULL(MAX(codigoingreso)),1,(SELECT MAX(codigoingreso)+1)) FROM ingresos);
        INSERT INTO ingresos (codigoingreso, fechacomprobante, fechacarga, codigocomprobante, numerocomprobante, codigoconcepto, propietario, periodomes, periodoano, estado, total)
        VALUES (@p_codigo, p_fechacomprobante, now(), p_codigocomprobante, p_numerocomprobante, p_codigoconcepto, p_propietario, p_periodomes, p_periodoano, 1, p_total);
        SELECT @p_codigo;
END */$$
DELIMITER ;

/* Procedure structure for procedure `SP_Propietario` */

/*!50003 DROP PROCEDURE IF EXISTS  `SP_Propietario` */;

DELIMITER $$

/*!50003 CREATE DEFINER=`root`@`localhost` PROCEDURE `SP_Propietario`(
  p_apellido char(50),
  p_nombre char(50),
  p_telefono char(50),
  p_mail char(50),
  p_codigopropiedad int,
  p_calle char(50),
  p_numerocalle char(5),
  p_tipopago Tinyint(3),
  p_deshabilitado smallint(1)
)
BEGIN
        SET @p_codigo = (SELECT if (ISNULL(MAX(codigo)),1,(SELECT MAX(codigo)+1)) FROM propietarios);
        INSERT INTO propietarios (codigo, apellido, nombre, telefono, mail, codigopropiedad, calle, numerocalle, tipopago, deshabilitado)
        VALUES (@p_codigo, p_apellido, p_nombre, p_telefono, p_mail, p_codigopropiedad, p_calle, p_numerocalle, p_tipopago, p_deshabilitado);
        SELECT @p_codigo;
END */$$
DELIMITER ;

/* Procedure structure for procedure `SP_Talonario` */

/*!50003 DROP PROCEDURE IF EXISTS  `SP_Talonario` */;

DELIMITER $$

/*!50003 CREATE DEFINER=`root`@`localhost` PROCEDURE `SP_Talonario`(
  p_codigocomprobante tinyint(3),
  p_numerodesde int,
  p_numerohasta int,
  p_codigocobrador int
)
BEGIN
        SET @p_codigo = (SELECT if (ISNULL(MAX(codigotalonario)),1,(SELECT MAX(codigotalonario)+1)) FROM talonarios);
        INSERT  INTO talonarios (codigotalonario, codigocomprobante, numerodesde, numerohasta, codigocobrador)
        VALUES (@p_codigo, p_codigocomprobante, p_numerodesde, p_numerohasta, p_codigocobrador);
        SELECT @p_codigo;
END */$$
DELIMITER ;

/*!40101 SET SQL_MODE=@OLD_SQL_MODE */;
/*!40014 SET FOREIGN_KEY_CHECKS=@OLD_FOREIGN_KEY_CHECKS */;
